Supermarket ManiaÂ® Journey;151;Tyskland;2017-07-09
Hidden CityÂ®: Mystery of Shadows;10;Japan;2017-07-09
Hidden CityÂ®: Mystery of Shadows;96;Australien;2017-07-09
Mahjong JourneyÂ®;171;Australien;2017-07-09
Hidden CityÂ®: Mystery of Shadows;292;USA;2017-07-09
Mahjong JourneyÂ®;268;UK;2017-07-09
Hidden CityÂ®: Mystery of Shadows;269;UK;2017-07-09
Hidden CityÂ®: Mystery of Shadows;255;Frankrike;2017-07-09
Hidden CityÂ®: Mystery of Shadows;259;Ryssland;2017-07-09
Supermarket ManiaÂ® Journey;202;Tyskland;2017-07-10
Hidden CityÂ®: Mystery of Shadows;19;Japan;2017-07-10
Hidden CityÂ®: Mystery of Shadows;96;Australien;2017-07-10
Mahjong JourneyÂ®;175;Australien;2017-07-10
Hidden CityÂ®: Mystery of Shadows;271;USA;2017-07-10
Hidden CityÂ®: Mystery of Shadows;268;UK;2017-07-10
Mahjong JourneyÂ®;286;UK;2017-07-10
Hidden CityÂ®: Mystery of Shadows;288;Tyskland;2017-07-10
Hidden CityÂ®: Mystery of Shadows;274;Frankrike;2017-07-10
Hidden CityÂ®: Mystery of Shadows;259;Ryssland;2017-07-10
Supermarket ManiaÂ® Journey;201;Tyskland;2017-07-11
Hidden CityÂ®: Mystery of Shadows;19;Japan;2017-07-11
Hidden CityÂ®: Mystery of Shadows;96;Australien;2017-07-11
Mahjong JourneyÂ®;175;Australien;2017-07-11
Hidden CityÂ®: Mystery of Shadows;270;USA;2017-07-11
Hidden CityÂ®: Mystery of Shadows;267;UK;2017-07-11
Mahjong JourneyÂ®;285;UK;2017-07-11
Hidden CityÂ®: Mystery of Shadows;287;Tyskland;2017-07-11
Hidden CityÂ®: Mystery of Shadows;273;Frankrike;2017-07-11
Hidden CityÂ®: Mystery of Shadows;256;Ryssland;2017-07-11
Supermarket ManiaÂ® Journey;201;Tyskland;2017-07-12
Hidden CityÂ®: Mystery of Shadows;19;Japan;2017-07-12
Hidden CityÂ®: Mystery of Shadows;96;Australien;2017-07-12
Mahjong JourneyÂ®;175;Australien;2017-07-12
Hidden CityÂ®: Mystery of Shadows;270;USA;2017-07-12
Hidden CityÂ®: Mystery of Shadows;267;UK;2017-07-12
Mahjong JourneyÂ®;285;UK;2017-07-12
Hidden CityÂ®: Mystery of Shadows;287;Tyskland;2017-07-12
Hidden CityÂ®: Mystery of Shadows;273;Frankrike;2017-07-12
Hidden CityÂ®: Mystery of Shadows;256;Ryssland;2017-07-12
Hidden CityÂ®: Mystery of Shadows;233;UK;2017-07-13
Hidden CityÂ®: Mystery of Shadows;187;Tyskland;2017-07-13
Hidden CityÂ®: Mystery of Shadows;25;Japan;2017-07-13
Hidden CityÂ®: Mystery of Shadows;97;Australien;2017-07-13
Mahjong JourneyÂ®;170;Australien;2017-07-13
Hidden CityÂ®: Mystery of Shadows;273;USA;2017-07-13
Mahjong JourneyÂ®;250;UK;2017-07-13
Supermarket ManiaÂ® Journey;255;Tyskland;2017-07-13
Hidden CityÂ®: Mystery of Shadows;293;Canada;2017-07-13
Hidden CityÂ®: Mystery of Shadows;263;Frankrike;2017-07-13
Hidden CityÂ®: Mystery of Shadows;245;Ryssland;2017-07-13
Hidden CityÂ®: Mystery of Shadows;211;UK;2017-07-14
Mahjong JourneyÂ®;237;UK;2017-07-14
Hidden CityÂ®: Mystery of Shadows;191;Tyskland;2017-07-14
Hidden CityÂ®: Mystery of Shadows;29;Japan;2017-07-14
Hidden CityÂ®: Mystery of Shadows;96;Australien;2017-07-14
Mahjong JourneyÂ®;157;Australien;2017-07-14
Hidden CityÂ®: Mystery of Shadows;273;USA;2017-07-14
Supermarket ManiaÂ® Journey;292;Tyskland;2017-07-14
Hidden CityÂ®: Mystery of Shadows;282;Canada;2017-07-14
Hidden CityÂ®: Mystery of Shadows;261;Frankrike;2017-07-14
Hidden CityÂ®: Mystery of Shadows;252;Ryssland;2017-07-14
Hidden CityÂ®: Mystery of Shadows;177;UK;2017-07-15
Mahjong JourneyÂ®;230;UK;2017-07-15
Hidden CityÂ®: Mystery of Shadows;181;Tyskland;2017-07-15
Hidden CityÂ®: Mystery of Shadows;205;Canada;2017-07-15
Hidden CityÂ®: Mystery of Shadows;43;Japan;2017-07-15
Hidden CityÂ®: Mystery of Shadows;90;Australien;2017-07-15
Mahjong JourneyÂ®;165;Australien;2017-07-15
Hidden CityÂ®: Mystery of Shadows;195;Ryssland;2017-07-15
Hidden CityÂ®: Mystery of Shadows;251;USA;2017-07-15
Hidden CityÂ®: Mystery of Shadows;271;Frankrike;2017-07-15
Hidden CityÂ®: Mystery of Shadows;175;UK;2017-07-16
Hidden CityÂ®: Mystery of Shadows;192;Tyskland;2017-07-16
Hidden CityÂ®: Mystery of Shadows;184;Canada;2017-07-16
Hidden CityÂ®: Mystery of Shadows;65;Japan;2017-07-16
Hidden CityÂ®: Mystery of Shadows;86;Australien;2017-07-16
Mahjong JourneyÂ®;174;Australien;2017-07-16
Hidden CityÂ®: Mystery of Shadows;175;Ryssland;2017-07-16
Hidden CityÂ®: Mystery of Shadows;247;USA;2017-07-16
Mahjong JourneyÂ®;241;UK;2017-07-16
Hidden CityÂ®: Mystery of Shadows;265;Frankrike;2017-07-16
Hidden CityÂ®: Mystery of Shadows;228;USA;2017-07-17
Hidden CityÂ®: Mystery of Shadows;177;UK;2017-07-17
Hidden CityÂ®: Mystery of Shadows;211;Tyskland;2017-07-17
Hidden CityÂ®: Mystery of Shadows;163;Canada;2017-07-17
Hidden CityÂ®: Mystery of Shadows;75;Japan;2017-07-17
Hidden CityÂ®: Mystery of Shadows;82;Australien;2017-07-17
Mahjong JourneyÂ®;211;Australien;2017-07-17
Hidden CityÂ®: Mystery of Shadows;161;Ryssland;2017-07-17
Mahjong JourneyÂ®;258;UK;2017-07-17
Hidden CityÂ®: Mystery of Shadows;270;Frankrike;2017-07-17
Hidden CityÂ®: Mystery of Shadows;228;USA;2017-07-18
Hidden CityÂ®: Mystery of Shadows;177;UK;2017-07-18
Hidden CityÂ®: Mystery of Shadows;211;Tyskland;2017-07-18
Hidden CityÂ®: Mystery of Shadows;163;Canada;2017-07-18
Hidden CityÂ®: Mystery of Shadows;75;Japan;2017-07-18
Hidden CityÂ®: Mystery of Shadows;82;Australien;2017-07-18
Mahjong JourneyÂ®;211;Australien;2017-07-18
Hidden CityÂ®: Mystery of Shadows;161;Ryssland;2017-07-18
Mahjong JourneyÂ®;258;UK;2017-07-18
Hidden CityÂ®: Mystery of Shadows;270;Frankrike;2017-07-18
Hidden CityÂ®: Mystery of Shadows;231;USA;2017-07-19
Hidden CityÂ®: Mystery of Shadows;149;UK;2017-07-19
Hidden CityÂ®: Mystery of Shadows;208;Tyskland;2017-07-19
Hidden CityÂ®: Mystery of Shadows;173;Canada;2017-07-19
Hidden CityÂ®: Mystery of Shadows;73;Japan;2017-07-19
Hidden CityÂ®: Mystery of Shadows;65;Australien;2017-07-19
Mahjong JourneyÂ®;203;Australien;2017-07-19
Hidden CityÂ®: Mystery of Shadows;170;Ryssland;2017-07-19
Mahjong JourneyÂ®;275;UK;2017-07-19
Hidden CityÂ®: Mystery of Shadows;256;Frankrike;2017-07-19
Hidden CityÂ®: Mystery of Shadows;301;Holland;2017-07-19
Hidden CityÂ®: Mystery of Shadows;215;USA;2017-07-20
Hidden CityÂ®: Mystery of Shadows;140;UK;2017-07-20
Hidden CityÂ®: Mystery of Shadows;200;Tyskland;2017-07-20
Hidden CityÂ®: Mystery of Shadows;163;Canada;2017-07-20
Hidden CityÂ®: Mystery of Shadows;217;Frankrike;2017-07-20
Hidden CityÂ®: Mystery of Shadows;70;Japan;2017-07-20
Hidden CityÂ®: Mystery of Shadows;51;Australien;2017-07-20
Mahjong JourneyÂ®;174;Australien;2017-07-20
Hidden CityÂ®: Mystery of Shadows;167;Ryssland;2017-07-20
Mahjong JourneyÂ®;267;UK;2017-07-20
Hidden CityÂ®: Mystery of Shadows;270;Holland;2017-07-20
Hidden CityÂ®: Mystery of Shadows;223;USA;2017-07-21
Hidden CityÂ®: Mystery of Shadows;145;UK;2017-07-21
Hidden CityÂ®: Mystery of Shadows;203;Tyskland;2017-07-21
Hidden CityÂ®: Mystery of Shadows;156;Canada;2017-07-21
Hidden CityÂ®: Mystery of Shadows;207;Frankrike;2017-07-21
Hidden CityÂ®: Mystery of Shadows;57;Japan;2017-07-21
Hidden CityÂ®: Mystery of Shadows;61;Australien;2017-07-21
Mahjong JourneyÂ®;177;Australien;2017-07-21
Hidden CityÂ®: Mystery of Shadows;166;Ryssland;2017-07-21
Mahjong JourneyÂ®;289;UK;2017-07-21
Hidden CityÂ®: Mystery of Shadows;254;Holland;2017-07-21
Hidden CityÂ®: Mystery of Shadows;221;USA;2017-07-22
Hidden CityÂ®: Mystery of Shadows;140;UK;2017-07-22
Hidden CityÂ®: Mystery of Shadows;217;Tyskland;2017-07-22
Hidden CityÂ®: Mystery of Shadows;138;Canada;2017-07-22
Hidden CityÂ®: Mystery of Shadows;213;Frankrike;2017-07-22
Hidden CityÂ®: Mystery of Shadows;57;Japan;2017-07-22
Hidden CityÂ®: Mystery of Shadows;60;Australien;2017-07-22
Mahjong JourneyÂ®;193;Australien;2017-07-22
Hidden CityÂ®: Mystery of Shadows;179;Ryssland;2017-07-22
Hidden CityÂ®: Mystery of Shadows;264;Holland;2017-07-22
Hidden CityÂ®: Mystery of Shadows;231;USA;2017-07-23
Hidden CityÂ®: Mystery of Shadows;150;UK;2017-07-23
Hidden CityÂ®: Mystery of Shadows;210;Tyskland;2017-07-23
Hidden CityÂ®: Mystery of Shadows;144;Canada;2017-07-23
Hidden CityÂ®: Mystery of Shadows;55;Japan;2017-07-23
Hidden CityÂ®: Mystery of Shadows;58;Australien;2017-07-23
Mahjong JourneyÂ®;229;Australien;2017-07-23
Hidden CityÂ®: Mystery of Shadows;192;Ryssland;2017-07-23
Hidden CityÂ®: Mystery of Shadows;242;Frankrike;2017-07-23
Hidden CityÂ®: Mystery of Shadows;294;Holland;2017-07-23
Hidden CityÂ®: Mystery of Shadows;197;UK;2017-07-24
Hidden CityÂ®: Mystery of Shadows;168;Canada;2017-07-24
Hidden CityÂ®: Mystery of Shadows;54;Japan;2017-07-24
Hidden CityÂ®: Mystery of Shadows;82;Australien;2017-07-24
Hidden CityÂ®: Mystery of Shadows;223;Ryssland;2017-07-24
Hidden CityÂ®: Mystery of Shadows;285;USA;2017-07-24
Hidden CityÂ®: Mystery of Shadows;267;Tyskland;2017-07-24
Hidden CityÂ®: Mystery of Shadows;294;Frankrike;2017-07-24
Mahjong JourneyÂ®;244;Australien;2017-07-24
Hidden CityÂ®: Mystery of Shadows;307;Holland;2017-07-24
Hidden CityÂ®: Mystery of Shadows;199;UK;2017-07-25
Hidden CityÂ®: Mystery of Shadows;184;Canada;2017-07-25
Hidden CityÂ®: Mystery of Shadows;55;Japan;2017-07-25
Hidden CityÂ®: Mystery of Shadows;76;Australien;2017-07-25
Mahjong JourneyÂ®;234;Australien;2017-07-25
Hidden CityÂ®: Mystery of Shadows;310;USA;2017-07-25
Hidden CityÂ®: Mystery of Shadows;250;Tyskland;2017-07-25
Hidden CityÂ®: Mystery of Shadows;289;Frankrike;2017-07-25
Hidden CityÂ®: Mystery of Shadows;284;Holland;2017-07-25
Hidden CityÂ®: Mystery of Shadows;181;UK;2017-07-26
Hidden CityÂ®: Mystery of Shadows;186;Canada;2017-07-26
Hidden CityÂ®: Mystery of Shadows;53;Japan;2017-07-26
Hidden CityÂ®: Mystery of Shadows;75;Australien;2017-07-26
Mahjong JourneyÂ®;229;Australien;2017-07-26
Hidden CityÂ®: Mystery of Shadows;316;USA;2017-07-26
Hidden CityÂ®: Mystery of Shadows;254;Tyskland;2017-07-26
Hidden CityÂ®: Mystery of Shadows;289;Frankrike;2017-07-26
Hidden CityÂ®: Mystery of Shadows;289;Holland;2017-07-26
Hidden CityÂ®: Mystery of Shadows;181;UK;2017-07-27
Hidden CityÂ®: Mystery of Shadows;189;Canada;2017-07-27
Hidden CityÂ®: Mystery of Shadows;54;Japan;2017-07-27
Hidden CityÂ®: Mystery of Shadows;64;Australien;2017-07-27
Mahjong JourneyÂ®;240;Australien;2017-07-27
Hidden CityÂ®: Mystery of Shadows;304;USA;2017-07-27
Hidden CityÂ®: Mystery of Shadows;241;Tyskland;2017-07-27
Hidden CityÂ®: Mystery of Shadows;294;Frankrike;2017-07-27
Hidden CityÂ®: Mystery of Shadows;300;Holland;2017-07-27
Hidden CityÂ®: Mystery of Shadows;248;Ryssland;2017-07-27
Hidden CityÂ®: Mystery of Shadows;184;UK;2017-07-28
Hidden CityÂ®: Mystery of Shadows;240;Tyskland;2017-07-28
Hidden CityÂ®: Mystery of Shadows;176;Canada;2017-07-28
Hidden CityÂ®: Mystery of Shadows;58;Japan;2017-07-28
Hidden CityÂ®: Mystery of Shadows;60;Australien;2017-07-28
Mahjong JourneyÂ®;225;Australien;2017-07-28
Hidden CityÂ®: Mystery of Shadows;304;USA;2017-07-28
Hidden CityÂ®: Mystery of Shadows;309;Frankrike;2017-07-28
Hidden CityÂ®: Mystery of Shadows;304;Holland;2017-07-28
Hidden CityÂ®: Mystery of Shadows;254;Ryssland;2017-07-28
Hidden CityÂ®: Mystery of Shadows;184;UK;2017-07-29
Hidden CityÂ®: Mystery of Shadows;240;Tyskland;2017-07-29
Hidden CityÂ®: Mystery of Shadows;176;Canada;2017-07-29
Hidden CityÂ®: Mystery of Shadows;58;Japan;2017-07-29
Hidden CityÂ®: Mystery of Shadows;60;Australien;2017-07-29
Mahjong JourneyÂ®;225;Australien;2017-07-29
Hidden CityÂ®: Mystery of Shadows;304;USA;2017-07-29
Hidden CityÂ®: Mystery of Shadows;309;Frankrike;2017-07-29
Hidden CityÂ®: Mystery of Shadows;304;Holland;2017-07-29
Hidden CityÂ®: Mystery of Shadows;254;Ryssland;2017-07-29
Hidden CityÂ®: Mystery of Shadows;195;UK;2017-07-30
Hidden CityÂ®: Mystery of Shadows;177;Canada;2017-07-30
Hidden CityÂ®: Mystery of Shadows;73;Japan;2017-07-30
Hidden CityÂ®: Mystery of Shadows;53;Australien;2017-07-30
Hidden CityÂ®: Mystery of Shadows;300;USA;2017-07-30
Hidden CityÂ®: Mystery of Shadows;269;Tyskland;2017-07-30
Hidden CityÂ®: Mystery of Shadows;303;Frankrike;2017-07-30
Mahjong JourneyÂ®;242;Australien;2017-07-30
Hidden CityÂ®: Mystery of Shadows;189;UK;2017-07-31
Hidden CityÂ®: Mystery of Shadows;232;Tyskland;2017-07-31
Hidden CityÂ®: Mystery of Shadows;192;Canada;2017-07-31
Hidden CityÂ®: Mystery of Shadows;86;Japan;2017-07-31
Hidden CityÂ®: Mystery of Shadows;49;Australien;2017-07-31
Hidden CityÂ®: Mystery of Shadows;266;USA;2017-07-31
Hidden CityÂ®: Mystery of Shadows;314;Frankrike;2017-07-31
Mahjong JourneyÂ®;264;Australien;2017-07-31
Hidden CityÂ®: Mystery of Shadows;189;UK;2017-08-01
Hidden CityÂ®: Mystery of Shadows;232;Tyskland;2017-08-01
Hidden CityÂ®: Mystery of Shadows;192;Canada;2017-08-01
Hidden CityÂ®: Mystery of Shadows;85;Japan;2017-08-01
Hidden CityÂ®: Mystery of Shadows;48;Australien;2017-08-01
Hidden CityÂ®: Mystery of Shadows;266;USA;2017-08-01
Hidden CityÂ®: Mystery of Shadows;314;Frankrike;2017-08-01
Mahjong JourneyÂ®;258;Australien;2017-08-01
Hidden CityÂ®: Mystery of Shadows;174;UK;2017-08-02
Hidden CityÂ®: Mystery of Shadows;185;Tyskland;2017-08-02
Hidden CityÂ®: Mystery of Shadows;213;Canada;2017-08-02
Hidden CityÂ®: Mystery of Shadows;92;Japan;2017-08-02
Hidden CityÂ®: Mystery of Shadows;43;Australien;2017-08-02
Mahjong JourneyÂ®;205;Australien;2017-08-02
Hidden CityÂ®: Mystery of Shadows;254;USA;2017-08-02
Hidden CityÂ®: Mystery of Shadows;251;Ryssland;2017-08-02
Hidden CityÂ®: Mystery of Shadows;181;UK;2017-08-03
Hidden CityÂ®: Mystery of Shadows;193;Tyskland;2017-08-03
Hidden CityÂ®: Mystery of Shadows;240;Canada;2017-08-03
Hidden CityÂ®: Mystery of Shadows;84;Japan;2017-08-03
Hidden CityÂ®: Mystery of Shadows;46;Australien;2017-08-03
Mahjong JourneyÂ®;200;Australien;2017-08-03
Hidden CityÂ®: Mystery of Shadows;265;USA;2017-08-03
Hidden CityÂ®: Mystery of Shadows;180;UK;2017-08-04
Hidden CityÂ®: Mystery of Shadows;200;Tyskland;2017-08-04
Hidden CityÂ®: Mystery of Shadows;231;Canada;2017-08-04
Hidden CityÂ®: Mystery of Shadows;65;Japan;2017-08-04
Hidden CityÂ®: Mystery of Shadows;49;Australien;2017-08-04
Mahjong JourneyÂ®;204;Australien;2017-08-04
Hidden CityÂ®: Mystery of Shadows;276;USA;2017-08-04
Hidden CityÂ®: Mystery of Shadows;177;UK;2017-08-04
Hidden CityÂ®: Mystery of Shadows;199;Tyskland;2017-08-04
Hidden CityÂ®: Mystery of Shadows;227;Canada;2017-08-04
Hidden CityÂ®: Mystery of Shadows;63;Japan;2017-08-04
Hidden CityÂ®: Mystery of Shadows;49;Australien;2017-08-04
Mahjong JourneyÂ®;210;Australien;2017-08-04
Hidden CityÂ®: Mystery of Shadows;281;USA;2017-08-04
Hidden CityÂ®: Mystery of Shadows;185;UK;2017-08-05
Hidden CityÂ®: Mystery of Shadows;203;Tyskland;2017-08-05
Hidden CityÂ®: Mystery of Shadows;206;Canada;2017-08-05
Hidden CityÂ®: Mystery of Shadows;50;Japan;2017-08-05
Hidden CityÂ®: Mystery of Shadows;53;Australien;2017-08-05
Mahjong JourneyÂ®;206;Australien;2017-08-05
Hidden CityÂ®: Mystery of Shadows;205;Ryssland;2017-08-05
Hidden CityÂ®: Mystery of Shadows;257;USA;2017-08-05
Hidden CityÂ®: Mystery of Shadows;182;UK;2017-08-06
Hidden CityÂ®: Mystery of Shadows;224;Tyskland;2017-08-06
Hidden CityÂ®: Mystery of Shadows;192;Canada;2017-08-06
Hidden CityÂ®: Mystery of Shadows;43;Japan;2017-08-06
Hidden CityÂ®: Mystery of Shadows;59;Australien;2017-08-06
Hidden CityÂ®: Mystery of Shadows;176;Ryssland;2017-08-06
Hidden CityÂ®: Mystery of Shadows;254;USA;2017-08-06
Mahjong JourneyÂ®;246;Australien;2017-08-06
Hidden CityÂ®: Mystery of Shadows;237;USA;2017-08-07
Hidden CityÂ®: Mystery of Shadows;175;UK;2017-08-07
Hidden CityÂ®: Mystery of Shadows;232;Tyskland;2017-08-07
Hidden CityÂ®: Mystery of Shadows;180;Canada;2017-08-07
Hidden CityÂ®: Mystery of Shadows;43;Japan;2017-08-07
Hidden CityÂ®: Mystery of Shadows;65;Australien;2017-08-07
Hidden CityÂ®: Mystery of Shadows;160;Ryssland;2017-08-07
Mahjong JourneyÂ®;280;Australien;2017-08-07
Hidden CityÂ®: Mystery of Shadows;213;USA;2017-08-08
Hidden CityÂ®: Mystery of Shadows;165;UK;2017-08-08
Hidden CityÂ®: Mystery of Shadows;238;Tyskland;2017-08-08
Hidden CityÂ®: Mystery of Shadows;178;Canada;2017-08-08
Hidden CityÂ®: Mystery of Shadows;49;Japan;2017-08-08
Hidden CityÂ®: Mystery of Shadows;59;Australien;2017-08-08
Hidden CityÂ®: Mystery of Shadows;149;Ryssland;2017-08-08
Mahjong JourneyÂ®;288;Australien;2017-08-08
Hidden CityÂ®: Mystery of Shadows;197;USA;2017-08-09
Hidden CityÂ®: Mystery of Shadows;166;UK;2017-08-09
Hidden CityÂ®: Mystery of Shadows;184;Canada;2017-08-09
Hidden CityÂ®: Mystery of Shadows;52;Japan;2017-08-09
Hidden CityÂ®: Mystery of Shadows;53;Australien;2017-08-09
Hidden CityÂ®: Mystery of Shadows;139;Ryssland;2017-08-09
Hidden CityÂ®: Mystery of Shadows;256;Tyskland;2017-08-09
Mahjong JourneyÂ®;272;Australien;2017-08-09
Hidden CityÂ®: Mystery of Shadows;197;USA;2017-08-10
Hidden CityÂ®: Mystery of Shadows;168;UK;2017-08-10
Hidden CityÂ®: Mystery of Shadows;196;Canada;2017-08-10
Hidden CityÂ®: Mystery of Shadows;56;Japan;2017-08-10
Hidden CityÂ®: Mystery of Shadows;49;Australien;2017-08-10
Hidden CityÂ®: Mystery of Shadows;125;Ryssland;2017-08-10
Hidden CityÂ®: Mystery of Shadows;270;Tyskland;2017-08-10
Mahjong JourneyÂ®;242;Australien;2017-08-10
Hidden CityÂ®: Mystery of Shadows;192;USA;2017-08-11
Hidden CityÂ®: Mystery of Shadows;177;UK;2017-08-11
Hidden CityÂ®: Mystery of Shadows;185;Canada;2017-08-11
Hidden CityÂ®: Mystery of Shadows;61;Japan;2017-08-11
Hidden CityÂ®: Mystery of Shadows;49;Australien;2017-08-11
Mahjong JourneyÂ®;239;Australien;2017-08-11
Hidden CityÂ®: Mystery of Shadows;117;Ryssland;2017-08-11
Hidden CityÂ®: Mystery of Shadows;282;Tyskland;2017-08-11
Hidden CityÂ®: Mystery of Shadows;167;USA;2017-08-12
Hidden CityÂ®: Mystery of Shadows;175;UK;2017-08-12
Hidden CityÂ®: Mystery of Shadows;171;Canada;2017-08-12
Hidden CityÂ®: Mystery of Shadows;52;Japan;2017-08-12
Hidden CityÂ®: Mystery of Shadows;51;Australien;2017-08-12
Mahjong JourneyÂ®;203;Australien;2017-08-12
Hidden CityÂ®: Mystery of Shadows;117;Ryssland;2017-08-12
Hidden CityÂ®: Mystery of Shadows;272;Tyskland;2017-08-12
Hidden CityÂ®: Mystery of Shadows;147;USA;2017-08-13
Hidden CityÂ®: Mystery of Shadows;178;UK;2017-08-13
Hidden CityÂ®: Mystery of Shadows;162;Canada;2017-08-13
Hidden CityÂ®: Mystery of Shadows;46;Japan;2017-08-13
Hidden CityÂ®: Mystery of Shadows;66;Australien;2017-08-13
Hidden CityÂ®: Mystery of Shadows;123;Ryssland;2017-08-13
Hidden CityÂ®: Mystery of Shadows;260;Tyskland;2017-08-13
Mahjong JourneyÂ®;246;Australien;2017-08-13
Hidden CityÂ®: Mystery of Shadows;152;USA;2017-08-14
Hidden CityÂ®: Mystery of Shadows;174;UK;2017-08-14
Hidden CityÂ®: Mystery of Shadows;151;Canada;2017-08-14
Hidden CityÂ®: Mystery of Shadows;41;Japan;2017-08-14
Hidden CityÂ®: Mystery of Shadows;69;Australien;2017-08-14
Hidden CityÂ®: Mystery of Shadows;121;Ryssland;2017-08-14
Hidden CityÂ®: Mystery of Shadows;265;Tyskland;2017-08-14
Mahjong JourneyÂ®;316;Australien;2017-08-14
Hidden CityÂ®: Mystery of Shadows;148;USA;2017-08-15
Hidden CityÂ®: Mystery of Shadows;180;UK;2017-08-15
Hidden CityÂ®: Mystery of Shadows;231;Tyskland;2017-08-15
Hidden CityÂ®: Mystery of Shadows;126;Canada;2017-08-15
Hidden CityÂ®: Mystery of Shadows;42;Japan;2017-08-15
Hidden CityÂ®: Mystery of Shadows;61;Australien;2017-08-15
Hidden CityÂ®: Mystery of Shadows;116;Ryssland;2017-08-15
Mahjong JourneyÂ®;276;UK;2017-08-15
Hidden CityÂ®: Mystery of Shadows;144;USA;2017-08-16
Hidden CityÂ®: Mystery of Shadows;190;UK;2017-08-16
Mahjong JourneyÂ®;234;UK;2017-08-16
Hidden CityÂ®: Mystery of Shadows;215;Tyskland;2017-08-16
Hidden CityÂ®: Mystery of Shadows;124;Canada;2017-08-16
Hidden CityÂ®: Mystery of Shadows;45;Japan;2017-08-16
Hidden CityÂ®: Mystery of Shadows;55;Australien;2017-08-16
Hidden CityÂ®: Mystery of Shadows;111;Ryssland;2017-08-16
Hidden CityÂ®: Mystery of Shadows;135;USA;2017-08-17
Hidden CityÂ®: Mystery of Shadows;215;UK;2017-08-17
Hidden CityÂ®: Mystery of Shadows;219;Tyskland;2017-08-17
Hidden CityÂ®: Mystery of Shadows;125;Canada;2017-08-17
Hidden CityÂ®: Mystery of Shadows;48;Japan;2017-08-17
Hidden CityÂ®: Mystery of Shadows;52;Australien;2017-08-17
Hidden CityÂ®: Mystery of Shadows;110;Ryssland;2017-08-17
Mahjong JourneyÂ®;243;UK;2017-08-17
Hidden CityÂ®: Mystery of Shadows;114;USA;2017-08-18
Hidden CityÂ®: Mystery of Shadows;177;UK;2017-08-18
Mahjong JourneyÂ®;225;UK;2017-08-18
Hidden CityÂ®: Mystery of Shadows;174;Tyskland;2017-08-18
Hidden CityÂ®: Mystery of Shadows;115;Canada;2017-08-18
Hidden CityÂ®: Mystery of Shadows;50;Japan;2017-08-18
Hidden CityÂ®: Mystery of Shadows;51;Australien;2017-08-18
Hidden CityÂ®: Mystery of Shadows;89;Ryssland;2017-08-18
Hidden CityÂ®: Mystery of Shadows;310;Frankrike;2017-08-18
Hidden CityÂ®: Mystery of Shadows;117;USA;2017-08-19
Hidden CityÂ®: Mystery of Shadows;196;UK;2017-08-19
Mahjong JourneyÂ®;206;UK;2017-08-19
Hidden CityÂ®: Mystery of Shadows;204;Tyskland;2017-08-19
Hidden CityÂ®: Mystery of Shadows;150;Canada;2017-08-19
Hidden CityÂ®: Mystery of Shadows;59;Japan;2017-08-19
Hidden CityÂ®: Mystery of Shadows;51;Australien;2017-08-19
Hidden CityÂ®: Mystery of Shadows;125;Ryssland;2017-08-19
Hidden CityÂ®: Mystery of Shadows;139;USA;2017-08-20
Hidden CityÂ®: Mystery of Shadows;223;UK;2017-08-20
Mahjong JourneyÂ®;229;UK;2017-08-20
Hidden CityÂ®: Mystery of Shadows;136;Tyskland;2017-08-20
Hidden CityÂ®: Mystery of Shadows;179;Canada;2017-08-20
Hidden CityÂ®: Mystery of Shadows;66;Japan;2017-08-20
Hidden CityÂ®: Mystery of Shadows;72;Australien;2017-08-20
Hidden CityÂ®: Mystery of Shadows;142;Ryssland;2017-08-20
Hidden CityÂ®: Mystery of Shadows;179;USA;2017-08-21
Hidden CityÂ®: Mystery of Shadows;104;Tyskland;2017-08-21
Hidden CityÂ®: Mystery of Shadows;224;Canada;2017-08-21
Hidden CityÂ®: Mystery of Shadows;75;Japan;2017-08-21
Hidden CityÂ®: Mystery of Shadows;93;Australien;2017-08-21
Hidden CityÂ®: Mystery of Shadows;185;Ryssland;2017-08-21
Hidden CityÂ®: Mystery of Shadows;246;UK;2017-08-21
Mahjong JourneyÂ®;258;UK;2017-08-21
Hidden CityÂ®: Mystery of Shadows;198;USA;2017-08-22
Hidden CityÂ®: Mystery of Shadows;87;Tyskland;2017-08-22
Hidden CityÂ®: Mystery of Shadows;92;Japan;2017-08-22
Hidden CityÂ®: Mystery of Shadows;95;Australien;2017-08-22
Hidden CityÂ®: Mystery of Shadows;214;Ryssland;2017-08-22
Mahjong JourneyÂ®;269;UK;2017-08-22
Hidden CityÂ®: Mystery of Shadows;272;UK;2017-08-22
Hidden CityÂ®: Mystery of Shadows;243;Canada;2017-08-22
Hidden CityÂ®: Mystery of Shadows;202;USA;2017-08-23
Hidden CityÂ®: Mystery of Shadows;87;Tyskland;2017-08-23
Hidden CityÂ®: Mystery of Shadows;237;Canada;2017-08-23
Hidden CityÂ®: Mystery of Shadows;103;Japan;2017-08-23
Hidden CityÂ®: Mystery of Shadows;88;Australien;2017-08-23
Mahjong JourneyÂ®;265;UK;2017-08-23
Hidden CityÂ®: Mystery of Shadows;273;UK;2017-08-23
Hidden CityÂ®: Mystery of Shadows;241;Ryssland;2017-08-23
Hidden CityÂ®: Mystery of Shadows;205;USA;2017-08-24
Mahjong JourneyÂ®;235;UK;2017-08-24
Hidden CityÂ®: Mystery of Shadows;107;Tyskland;2017-08-24
Hidden CityÂ®: Mystery of Shadows;228;Canada;2017-08-24
Hidden CityÂ®: Mystery of Shadows;94;Japan;2017-08-24
Hidden CityÂ®: Mystery of Shadows;77;Australien;2017-08-24
Hidden CityÂ®: Mystery of Shadows;269;UK;2017-08-24
Hidden CityÂ®: Mystery of Shadows;253;Ryssland;2017-08-24
Hidden CityÂ®: Mystery of Shadows;205;USA;2017-08-25
Hidden CityÂ®: Mystery of Shadows;120;Tyskland;2017-08-25
Hidden CityÂ®: Mystery of Shadows;87;Japan;2017-08-25
Hidden CityÂ®: Mystery of Shadows;84;Australien;2017-08-25
Mahjong JourneyÂ®;264;UK;2017-08-25
Hidden CityÂ®: Mystery of Shadows;272;UK;2017-08-25
Hidden CityÂ®: Mystery of Shadows;243;Canada;2017-08-25
Hidden CityÂ®: Mystery of Shadows;280;Ryssland;2017-08-25
Hidden CityÂ®: Mystery of Shadows;159;Tyskland;2017-08-26
Hidden CityÂ®: Mystery of Shadows;103;Japan;2017-08-26
Hidden CityÂ®: Mystery of Shadows;101;Australien;2017-08-26
Hidden CityÂ®: Mystery of Shadows;241;USA;2017-08-26
Mahjong JourneyÂ®;313;UK;2017-08-26
Hidden CityÂ®: Mystery of Shadows;318;UK;2017-08-26
Hidden CityÂ®: Mystery of Shadows;306;Canada;2017-08-26
Hidden CityÂ®: Mystery of Shadows;230;Tyskland;2017-08-27
Hidden CityÂ®: Mystery of Shadows;106;Japan;2017-08-27
Hidden CityÂ®: Mystery of Shadows;126;Australien;2017-08-27
Hidden CityÂ®: Mystery of Shadows;254;USA;2017-08-27
Hidden CityÂ®: Mystery of Shadows;314;Canada;2017-08-27
Hidden CityÂ®: Mystery of Shadows;212;Tyskland;2017-08-28
Hidden CityÂ®: Mystery of Shadows;105;Japan;2017-08-28
Hidden CityÂ®: Mystery of Shadows;133;Australien;2017-08-28
Hidden CityÂ®: Mystery of Shadows;276;USA;2017-08-28
Hidden CityÂ®: Mystery of Shadows;294;Canada;2017-08-28
Hidden CityÂ®: Mystery of Shadows;193;Tyskland;2017-08-29
Hidden CityÂ®: Mystery of Shadows;105;Japan;2017-08-29
Hidden CityÂ®: Mystery of Shadows;129;Australien;2017-08-29
Hidden CityÂ®: Mystery of Shadows;263;USA;2017-08-29
Hidden CityÂ®: Mystery of Shadows;209;USA;2017-08-30
Hidden CityÂ®: Mystery of Shadows;159;Tyskland;2017-08-30
Hidden CityÂ®: Mystery of Shadows;111;Japan;2017-08-30
Hidden CityÂ®: Mystery of Shadows;115;Australien;2017-08-30
Hidden CityÂ®: Mystery of Shadows;301;UK;2017-08-30
Hidden CityÂ®: Mystery of Shadows;188;USA;2017-08-31
Hidden CityÂ®: Mystery of Shadows;147;Tyskland;2017-08-31
Hidden CityÂ®: Mystery of Shadows;113;Japan;2017-08-31
Hidden CityÂ®: Mystery of Shadows;109;Australien;2017-08-31
Hidden CityÂ®: Mystery of Shadows;286;UK;2017-08-31
Hidden CityÂ®: Mystery of Shadows;189;USA;2017-09-01
Hidden CityÂ®: Mystery of Shadows;216;UK;2017-09-01
Hidden CityÂ®: Mystery of Shadows;119;Tyskland;2017-09-01
Hidden CityÂ®: Mystery of Shadows;114;Japan;2017-09-01
Hidden CityÂ®: Mystery of Shadows;96;Australien;2017-09-01
Hidden CityÂ®: Mystery of Shadows;265;Canada;2017-09-01
Hidden CityÂ®: Mystery of Shadows;191;USA;2017-09-02
Hidden CityÂ®: Mystery of Shadows;206;UK;2017-09-02
Hidden CityÂ®: Mystery of Shadows;119;Tyskland;2017-09-02
Hidden CityÂ®: Mystery of Shadows;113;Japan;2017-09-02
Hidden CityÂ®: Mystery of Shadows;98;Australien;2017-09-02
Hidden CityÂ®: Mystery of Shadows;270;Canada;2017-09-02
Hidden CityÂ®: Mystery of Shadows;192;USA;2017-09-03
Hidden CityÂ®: Mystery of Shadows;195;UK;2017-09-03
Hidden CityÂ®: Mystery of Shadows;114;Tyskland;2017-09-03
Hidden CityÂ®: Mystery of Shadows;113;Japan;2017-09-03
Hidden CityÂ®: Mystery of Shadows;113;Australien;2017-09-03
Hidden CityÂ®: Mystery of Shadows;270;Canada;2017-09-03
Hidden CityÂ®: Mystery of Shadows;215;USA;2017-09-04
Hidden CityÂ®: Mystery of Shadows;199;UK;2017-09-04
Hidden CityÂ®: Mystery of Shadows;113;Tyskland;2017-09-04
Hidden CityÂ®: Mystery of Shadows;113;Japan;2017-09-04
Hidden CityÂ®: Mystery of Shadows;133;Australien;2017-09-04
Hidden CityÂ®: Mystery of Shadows;315;Canada;2017-09-04
Hidden CityÂ®: Mystery of Shadows;227;USA;2017-09-05
Hidden CityÂ®: Mystery of Shadows;193;UK;2017-09-05
Hidden CityÂ®: Mystery of Shadows;107;Tyskland;2017-09-05
Hidden CityÂ®: Mystery of Shadows;111;Japan;2017-09-05
Hidden CityÂ®: Mystery of Shadows;133;Australien;2017-09-05
Hidden CityÂ®: Mystery of Shadows;205;USA;2017-09-06
Hidden CityÂ®: Mystery of Shadows;194;UK;2017-09-06
Hidden CityÂ®: Mystery of Shadows;97;Tyskland;2017-09-06
Hidden CityÂ®: Mystery of Shadows;107;Japan;2017-09-06
Hidden CityÂ®: Mystery of Shadows;119;Australien;2017-09-06
Hidden CityÂ®: Mystery of Shadows;184;USA;2017-09-07
Hidden CityÂ®: Mystery of Shadows;209;UK;2017-09-07
Hidden CityÂ®: Mystery of Shadows;117;Tyskland;2017-09-07
Hidden CityÂ®: Mystery of Shadows;113;Japan;2017-09-07
Hidden CityÂ®: Mystery of Shadows;115;Australien;2017-09-07
Hidden CityÂ®: Mystery of Shadows;188;USA;2017-09-08
Hidden CityÂ®: Mystery of Shadows;216;UK;2017-09-08
Hidden CityÂ®: Mystery of Shadows;116;Tyskland;2017-09-08
Hidden CityÂ®: Mystery of Shadows;116;Japan;2017-09-08
Hidden CityÂ®: Mystery of Shadows;112;Australien;2017-09-08
Hidden CityÂ®: Mystery of Shadows;188;USA;2017-09-09
Hidden CityÂ®: Mystery of Shadows;216;UK;2017-09-09
Hidden CityÂ®: Mystery of Shadows;116;Tyskland;2017-09-09
Hidden CityÂ®: Mystery of Shadows;116;Japan;2017-09-09
Hidden CityÂ®: Mystery of Shadows;111;Australien;2017-09-09
Hidden CityÂ®: Mystery of Shadows;173;USA;2017-09-10
Hidden CityÂ®: Mystery of Shadows;140;Tyskland;2017-09-10
Hidden CityÂ®: Mystery of Shadows;137;Japan;2017-09-10
Hidden CityÂ®: Mystery of Shadows;115;Australien;2017-09-10
Hidden CityÂ®: Mystery of Shadows;244;UK;2017-09-10
Hidden CityÂ®: Mystery of Shadows;190;Japan;2017-09-11
Hidden CityÂ®: Mystery of Shadows;198;Australien;2017-09-11
Hidden CityÂ®: Mystery of Shadows;247;USA;2017-09-11
Hidden CityÂ®: Mystery of Shadows;179;Japan;2017-09-12
Hidden CityÂ®: Mystery of Shadows;205;Australien;2017-09-12
Hidden CityÂ®: Mystery of Shadows;256;USA;2017-09-12
Hidden CityÂ®: Mystery of Shadows;174;Japan;2017-09-13
Hidden CityÂ®: Mystery of Shadows;176;Australien;2017-09-13
Hidden CityÂ®: Mystery of Shadows;263;USA;2017-09-13
Hidden CityÂ®: Mystery of Shadows;212;USA;2017-09-14
Hidden CityÂ®: Mystery of Shadows;158;Japan;2017-09-14
Hidden CityÂ®: Mystery of Shadows;169;Australien;2017-09-14
Mahjong JourneyÂ®;302;USA;2017-09-14
Hidden CityÂ®: Mystery of Shadows;210;USA;2017-09-15
Hidden CityÂ®: Mystery of Shadows;177;Japan;2017-09-15
Hidden CityÂ®: Mystery of Shadows;177;Australien;2017-09-15
Hidden CityÂ®: Mystery of Shadows;192;USA;2017-09-16
Hidden CityÂ®: Mystery of Shadows;197;Japan;2017-09-16
Hidden CityÂ®: Mystery of Shadows;182;Australien;2017-09-16
Mahjong JourneyÂ®;309;USA;2017-09-16
Hidden CityÂ®: Mystery of Shadows;286;Ryssland;2017-09-16
Hidden CityÂ®: Mystery of Shadows;227;USA;2017-09-17
Hidden CityÂ®: Mystery of Shadows;204;Japan;2017-09-17
Hidden CityÂ®: Mystery of Shadows;214;Australien;2017-09-17
Hidden CityÂ®: Mystery of Shadows;237;Ryssland;2017-09-17
Hidden CityÂ®: Mystery of Shadows;235;Australien;2017-09-18
Hidden CityÂ®: Mystery of Shadows;228;Ryssland;2017-09-18
Hidden CityÂ®: Mystery of Shadows;285;USA;2017-09-18
Hidden CityÂ®: Mystery of Shadows;176;Japan;2017-09-19
Hidden CityÂ®: Mystery of Shadows;204;Ryssland;2017-09-19
Hidden CityÂ®: Mystery of Shadows;295;USA;2017-09-19
Hidden CityÂ®: Mystery of Shadows;241;Australien;2017-09-19
Hidden CityÂ®: Mystery of Shadows;157;Japan;2017-09-20
Hidden CityÂ®: Mystery of Shadows;237;Australien;2017-09-20
Hidden CityÂ®: Mystery of Shadows;208;Ryssland;2017-09-20
Hidden CityÂ®: Mystery of Shadows;251;USA;2017-09-20
Hidden CityÂ®: Mystery of Shadows;208;USA;2017-09-21
Hidden CityÂ®: Mystery of Shadows;144;Japan;2017-09-21
Hidden CityÂ®: Mystery of Shadows;222;Australien;2017-09-21
Hidden CityÂ®: Mystery of Shadows;168;Ryssland;2017-09-21
Hidden CityÂ®: Mystery of Shadows;182;USA;2017-09-22
Hidden CityÂ®: Mystery of Shadows;147;Japan;2017-09-22
Hidden CityÂ®: Mystery of Shadows;168;Australien;2017-09-22
Hidden CityÂ®: Mystery of Shadows;156;Ryssland;2017-09-22
Hidden CityÂ®: Mystery of Shadows;168;USA;2017-09-23
Hidden CityÂ®: Mystery of Shadows;146;Japan;2017-09-23
Hidden CityÂ®: Mystery of Shadows;143;Australien;2017-09-23
Hidden CityÂ®: Mystery of Shadows;140;Ryssland;2017-09-23
Hidden CityÂ®: Mystery of Shadows;187;USA;2017-09-24
Hidden CityÂ®: Mystery of Shadows;160;Japan;2017-09-24
Hidden CityÂ®: Mystery of Shadows;142;Australien;2017-09-24
Hidden CityÂ®: Mystery of Shadows;130;Ryssland;2017-09-24
Hidden CityÂ®: Mystery of Shadows;190;USA;2017-09-25
Hidden CityÂ®: Mystery of Shadows;157;Japan;2017-09-25
Hidden CityÂ®: Mystery of Shadows;136;Australien;2017-09-25
Hidden CityÂ®: Mystery of Shadows;117;Ryssland;2017-09-25
Hidden CityÂ®: Mystery of Shadows;191;USA;2017-09-26
Hidden CityÂ®: Mystery of Shadows;151;Japan;2017-09-26
Hidden CityÂ®: Mystery of Shadows;136;Australien;2017-09-26
Hidden CityÂ®: Mystery of Shadows;101;Ryssland;2017-09-26
Hidden CityÂ®: Mystery of Shadows;193;USA;2017-09-27
Hidden CityÂ®: Mystery of Shadows;139;Japan;2017-09-27
Hidden CityÂ®: Mystery of Shadows;131;Australien;2017-09-27
Hidden CityÂ®: Mystery of Shadows;89;Ryssland;2017-09-27
Hidden CityÂ®: Mystery of Shadows;171;USA;2017-09-28
Hidden CityÂ®: Mystery of Shadows;143;Japan;2017-09-28
Hidden CityÂ®: Mystery of Shadows;122;Australien;2017-09-28
Hidden CityÂ®: Mystery of Shadows;82;Ryssland;2017-09-28
Hidden CityÂ®: Mystery of Shadows;138;USA;2017-09-29
Hidden CityÂ®: Mystery of Shadows;150;Japan;2017-09-29
Hidden CityÂ®: Mystery of Shadows;113;Australien;2017-09-29
Hidden CityÂ®: Mystery of Shadows;236;Holland;2017-09-29
Hidden CityÂ®: Mystery of Shadows;84;Ryssland;2017-09-29
Hidden CityÂ®: Mystery of Shadows;308;Canada;2017-09-29
Hidden CityÂ®: Mystery of Shadows;111;USA;2017-09-30
Hidden CityÂ®: Mystery of Shadows;155;Japan;2017-09-30
Hidden CityÂ®: Mystery of Shadows;122;Australien;2017-09-30
Hidden CityÂ®: Mystery of Shadows;187;Holland;2017-09-30
Hidden CityÂ®: Mystery of Shadows;89;Ryssland;2017-09-30
Hidden CityÂ®: Mystery of Shadows;257;Canada;2017-09-30
Hidden CityÂ®: Mystery of Shadows;143;USA;2017-10-01
Hidden CityÂ®: Mystery of Shadows;145;Japan;2017-10-01
Hidden CityÂ®: Mystery of Shadows;135;Australien;2017-10-01
Hidden CityÂ®: Mystery of Shadows;161;Holland;2017-10-01
Hidden CityÂ®: Mystery of Shadows;117;Ryssland;2017-10-01
Hidden CityÂ®: Mystery of Shadows;312;Canada;2017-10-01
Hidden CityÂ®: Mystery of Shadows;274;Italien;2017-10-01
Hidden CityÂ®: Mystery of Shadows;167;USA;2017-10-02
Hidden CityÂ®: Mystery of Shadows;123;Japan;2017-10-02
Hidden CityÂ®: Mystery of Shadows;161;Australien;2017-10-02
Hidden CityÂ®: Mystery of Shadows;156;Holland;2017-10-02
Hidden CityÂ®: Mystery of Shadows;182;Ryssland;2017-10-02
Hidden CityÂ®: Mystery of Shadows;256;Italien;2017-10-02
Hidden CityÂ®: Mystery of Shadows;178;USA;2017-10-03
Hidden CityÂ®: Mystery of Shadows;114;Japan;2017-10-03
Hidden CityÂ®: Mystery of Shadows;172;Australien;2017-10-03
Hidden CityÂ®: Mystery of Shadows;157;Holland;2017-10-03
Hidden CityÂ®: Mystery of Shadows;220;Ryssland;2017-10-03
Hidden CityÂ®: Mystery of Shadows;250;Italien;2017-10-03
Hidden CityÂ®: Mystery of Shadows;125;USA;2017-10-04
Hidden CityÂ®: Mystery of Shadows;81;Japan;2017-10-04
Hidden CityÂ®: Mystery of Shadows;161;Australien;2017-10-04
Hidden CityÂ®: Mystery of Shadows;128;Holland;2017-10-04
Hidden CityÂ®: Mystery of Shadows;187;Ryssland;2017-10-04
Hidden CityÂ®: Mystery of Shadows;251;Italien;2017-10-04
Hidden CityÂ®: Mystery of Shadows;89;USA;2017-10-05
Hidden CityÂ®: Mystery of Shadows;71;Japan;2017-10-05
Hidden CityÂ®: Mystery of Shadows;155;Australien;2017-10-05
Hidden CityÂ®: Mystery of Shadows;138;Holland;2017-10-05
Hidden CityÂ®: Mystery of Shadows;135;Ryssland;2017-10-05
Hidden CityÂ®: Mystery of Shadows;269;Italien;2017-10-05
Hidden CityÂ®: Mystery of Shadows;70;USA;2017-10-06
Hidden CityÂ®: Mystery of Shadows;71;Japan;2017-10-06
Hidden CityÂ®: Mystery of Shadows;152;Australien;2017-10-06
Hidden CityÂ®: Mystery of Shadows;192;Holland;2017-10-06
Hidden CityÂ®: Mystery of Shadows;117;Ryssland;2017-10-06
Pirates &amp Pearlsâ„¢: A Treasure Matching Puzzle;299;UK;2017-10-06
Hidden CityÂ®: Mystery of Shadows;311;Italien;2017-10-06
Hidden CityÂ®: Mystery of Shadows;60;USA;2017-10-07
Hidden CityÂ®: Mystery of Shadows;71;Japan;2017-10-07
Hidden CityÂ®: Mystery of Shadows;162;Australien;2017-10-07
Pirates &amp Pearlsâ„¢: A Treasure Matching Puzzle;193;Kina;2017-10-07
Hidden CityÂ®: Mystery of Shadows;127;Ryssland;2017-10-07
Pirates &amp Pearlsâ„¢: A Treasure Matching Puzzle;241;UK;2017-10-07
Hidden CityÂ®: Mystery of Shadows;253;Holland;2017-10-07
Hidden CityÂ®: Mystery of Shadows;61;USA;2017-10-08
Pirates &amp Pearlsâ„¢: A Treasure Matching Puzzle;233;UK;2017-10-08
Hidden CityÂ®: Mystery of Shadows;74;Japan;2017-10-08
Hidden CityÂ®: Mystery of Shadows;160;Australien;2017-10-08
Pirates &amp Pearlsâ„¢: A Treasure Matching Puzzle;111;Kina;2017-10-08
Hidden CityÂ®: Mystery of Shadows;136;Ryssland;2017-10-08
Pirates &amp Pearlsâ„¢: A Treasure Matching Puzzle;290;Tyskland;2017-10-08
Hidden CityÂ®: Mystery of Shadows;303;Holland;2017-10-08
Hidden CityÂ®: Mystery of Shadows;71;USA;2017-10-09
Pirates &amp Pearlsâ„¢: A Treasure Matching Puzzle;231;Tyskland;2017-10-09
Hidden CityÂ®: Mystery of Shadows;74;Japan;2017-10-09
Hidden CityÂ®: Mystery of Shadows;157;Australien;2017-10-09
Pirates &amp Pearlsâ„¢: A Treasure Matching Puzzle;88;Kina;2017-10-09
Hidden CityÂ®: Mystery of Shadows;145;Ryssland;2017-10-09
Pirates &amp Pearlsâ„¢: A Treasure Matching Puzzle;282;UK;2017-10-09
Pirates &amp Pearlsâ„¢: A Treasure Matching Puzzle;279;Frankrike;2017-10-09
Pirates &amp Pearlsâ„¢: A Treasure Matching Puzzle;285;Holland;2017-10-09
Pirates &amp Pearlsâ„¢: A Treasure Matching Puzzle;304;Ryssland;2017-10-09
ğŸƒHidden CityÂ®: Mystery of Shadows;75;USA;2017-10-10
Pirates &amp Pearlsâ„¢: A Treasure Matching Puzzle;232;Tyskland;2017-10-10
ğŸƒHidden CityÂ®: Mystery of Shadows;76;Japan;2017-10-10
ğŸƒHidden CityÂ®: Mystery of Shadows;154;Australien;2017-10-10
Pirates &amp Pearlsâ„¢: A Treasure Matching Puzzle;92;Kina;2017-10-10
ğŸƒHidden CityÂ®: Mystery of Shadows;148;Ryssland;2017-10-10
Pirates &amp Pearlsâ„¢: A Treasure Matching Puzzle;305;UK;2017-10-10
Pirates &amp Pearlsâ„¢: A Treasure Matching Puzzle;286;Frankrike;2017-10-10
Pirates &amp Pearlsâ„¢: A Treasure Matching Puzzle;271;Holland;2017-10-10
Pirates &amp Pearlsâ„¢: A Treasure Matching Puzzle;276;Ryssland;2017-10-10
ğŸƒHidden CityÂ®: Mystery of Shadows;60;USA;2017-10-11
Pirates &amp Pearlsâ„¢: A Treasure Matching Puzzle;227;Tyskland;2017-10-11
ğŸƒHidden CityÂ®: Mystery of Shadows;64;Japan;2017-10-11
ğŸƒHidden CityÂ®: Mystery of Shadows;101;Australien;2017-10-11
Pirates &amp Pearlsâ„¢: A Treasure Matching Puzzle;82;Kina;2017-10-11
ğŸƒHidden CityÂ®: Mystery of Shadows;139;Ryssland;2017-10-11
Pirates &amp Pearlsâ„¢: A Treasure Matching Puzzle;275;UK;2017-10-11
ğŸƒHidden CityÂ®: Mystery of Shadows;293;Tyskland;2017-10-11
ğŸƒHidden CityÂ®: Mystery of Shadows;285;Canada;2017-10-11
Pirates &amp Pearlsâ„¢: A Treasure Matching Puzzle;279;Frankrike;2017-10-11
Pirates &amp Pearlsâ„¢: A Treasure Matching Puzzle;309;Australien;2017-10-11
Pirates &amp Pearlsâ„¢: A Treasure Matching Puzzle;259;Holland;2017-10-11
ğŸƒHidden CityÂ®: Mystery of Shadows;317;Holland;2017-10-11
Pirates &amp Pearlsâ„¢: A Treasure Matching Puzzle;250;Ryssland;2017-10-11
ğŸƒHidden CityÂ®: Mystery of Shadows;45;USA;2017-10-12
ğŸƒHidden CityÂ®: Mystery of Shadows;189;Tyskland;2017-10-12
Pirates &amp Pearlsâ„¢: A Treasure Matching Puzzle;215;Tyskland;2017-10-12
ğŸƒHidden CityÂ®: Mystery of Shadows;174;Canada;2017-10-12
ğŸƒHidden CityÂ®: Mystery of Shadows;51;Japan;2017-10-12
ğŸƒHidden CityÂ®: Mystery of Shadows;73;Australien;2017-10-12
Pirates &amp Pearlsâ„¢: A Treasure Matching Puzzle;228;Holland;2017-10-12
Pirates &amp Pearlsâ„¢: A Treasure Matching Puzzle;83;Kina;2017-10-12
ğŸƒHidden CityÂ®: Mystery of Shadows;134;Ryssland;2017-10-12
Pirates &amp Pearlsâ„¢: A Treasure Matching Puzzle;210;Ryssland;2017-10-12
Pirates &amp Pearlsâ„¢: A Treasure Matching Puzzle;257;UK;2017-10-12
ğŸƒHidden CityÂ®: Mystery of Shadows;262;UK;2017-10-12
Pirates &amp Pearlsâ„¢: A Treasure Matching Puzzle;263;Frankrike;2017-10-12
Pirates &amp Pearlsâ„¢: A Treasure Matching Puzzle;288;Australien;2017-10-12
ğŸƒHidden CityÂ®: Mystery of Shadows;305;Holland;2017-10-12
ğŸƒHidden CityÂ®: Mystery of Shadows;46;USA;2017-10-13
ğŸƒHidden CityÂ®: Mystery of Shadows;191;UK;2017-10-13
ğŸƒHidden CityÂ®: Mystery of Shadows;141;Tyskland;2017-10-13
Pirates &amp Pearlsâ„¢: A Treasure Matching Puzzle;225;Tyskland;2017-10-13
ğŸƒHidden CityÂ®: Mystery of Shadows;138;Canada;2017-10-13
ğŸƒHidden CityÂ®: Mystery of Shadows;34;Japan;2017-10-13
ğŸƒHidden CityÂ®: Mystery of Shadows;68;Australien;2017-10-13
Pirates &amp Pearlsâ„¢: A Treasure Matching Puzzle;238;Holland;2017-10-13
Pirates &amp Pearlsâ„¢: A Treasure Matching Puzzle;60;Kina;2017-10-13
ğŸƒHidden CityÂ®: Mystery of Shadows;155;Ryssland;2017-10-13
Pirates &amp Pearlsâ„¢: A Treasure Matching Puzzle;204;Ryssland;2017-10-13
Pirates &amp Pearlsâ„¢: A Treasure Matching Puzzle;267;UK;2017-10-13
Pirates &amp Pearlsâ„¢: A Treasure Matching Puzzle;315;Canada;2017-10-13
Pirates &amp Pearlsâ„¢: A Treasure Matching Puzzle;264;Frankrike;2017-10-13
Pirates &amp Pearlsâ„¢: A Treasure Matching Puzzle;289;Australien;2017-10-13
ğŸƒHidden CityÂ®: Mystery of Shadows;49;USA;2017-10-14
ğŸƒHidden CityÂ®: Mystery of Shadows;164;UK;2017-10-14
ğŸƒHidden CityÂ®: Mystery of Shadows;153;Tyskland;2017-10-14
ğŸƒHidden CityÂ®: Mystery of Shadows;174;Canada;2017-10-14
ğŸƒHidden CityÂ®: Mystery of Shadows;35;Japan;2017-10-14
ğŸƒHidden CityÂ®: Mystery of Shadows;73;Australien;2017-10-14
Pirates &amp Pearlsâ„¢: A Treasure Matching Puzzle;78;Kina;2017-10-14
ğŸƒHidden CityÂ®: Mystery of Shadows;207;Ryssland;2017-10-14
Pirates &amp Pearlsâ„¢: A Treasure Matching Puzzle;294;Tyskland;2017-10-14
Pirates &amp Pearlsâ„¢: A Treasure Matching Puzzle;294;Ryssland;2017-10-14
ğŸƒHidden CityÂ®: Mystery of Shadows;54;USA;2017-10-15
ğŸƒHidden CityÂ®: Mystery of Shadows;187;UK;2017-10-15
ğŸƒHidden CityÂ®: Mystery of Shadows;203;Tyskland;2017-10-15
ğŸƒHidden CityÂ®: Mystery of Shadows;42;Japan;2017-10-15
ğŸƒHidden CityÂ®: Mystery of Shadows;119;Australien;2017-10-15
Pirates &amp Pearlsâ„¢: A Treasure Matching Puzzle;156;Kina;2017-10-15
ğŸƒHidden CityÂ®: Mystery of Shadows;286;Canada;2017-10-15
ğŸƒHidden CityÂ®: Mystery of Shadows;315;Ryssland;2017-10-15
ğŸƒHidden CityÂ®: Mystery of Shadows;63;USA;2017-10-16
ğŸƒHidden CityÂ®: Mystery of Shadows;233;UK;2017-10-16
ğŸƒHidden CityÂ®: Mystery of Shadows;237;Tyskland;2017-10-16
ğŸƒHidden CityÂ®: Mystery of Shadows;54;Japan;2017-10-16
ğŸƒHidden CityÂ®: Mystery of Shadows;151;Australien;2017-10-16
ğŸƒHidden CityÂ®: Mystery of Shadows;70;USA;2017-10-17
ğŸƒHidden CityÂ®: Mystery of Shadows;52;Japan;2017-10-17
ğŸƒHidden CityÂ®: Mystery of Shadows;182;Australien;2017-10-17
ğŸƒHidden CityÂ®: Mystery of Shadows;269;UK;2017-10-17
ğŸƒHidden CityÂ®: Mystery of Shadows;252;Tyskland;2017-10-17
ğŸƒHidden CityÂ®: Mystery of Shadows;59;USA;2017-10-18
ğŸƒHidden CityÂ®: Mystery of Shadows;43;Japan;2017-10-18
ğŸƒHidden CityÂ®: Mystery of Shadows;182;Australien;2017-10-18
ğŸƒHidden CityÂ®: Mystery of Shadows;302;UK;2017-10-18
ğŸƒHidden CityÂ®: Mystery of Shadows;262;Tyskland;2017-10-18
ğŸƒHidden CityÂ®: Mystery of Shadows;293;Frankrike;2017-10-18
ğŸƒHidden CityÂ®: Mystery of Shadows;49;USA;2017-10-19
ğŸƒHidden CityÂ®: Mystery of Shadows;38;Japan;2017-10-19
ğŸƒHidden CityÂ®: Mystery of Shadows;171;Australien;2017-10-19
ğŸƒHidden CityÂ®: Mystery of Shadows;288;Tyskland;2017-10-19
ğŸƒHidden CityÂ®: Mystery of Shadows;278;Frankrike;2017-10-19
ğŸƒHidden CityÂ®: Mystery of Shadows;58;USA;2017-10-20
ğŸƒHidden CityÂ®: Mystery of Shadows;48;Japan;2017-10-20
ğŸƒHidden CityÂ®: Mystery of Shadows;196;Australien;2017-10-20
ğŸ‘»Mahjong JourneyÂ®;273;Japan;2017-10-20
ğŸƒHidden CityÂ®: Mystery of Shadows;43;USA;2017-10-21
ğŸƒHidden CityÂ®: Mystery of Shadows;40;Japan;2017-10-21
ğŸƒHidden CityÂ®: Mystery of Shadows;164;Australien;2017-10-21
ğŸƒHidden CityÂ®: Mystery of Shadows;317;Tyskland;2017-10-21
ğŸƒHidden CityÂ®: Mystery of Shadows;296;Frankrike;2017-10-21
ğŸ‘»Mahjong JourneyÂ®;287;Japan;2017-10-21
ğŸƒHidden CityÂ®: Mystery of Shadows;281;Korea;2017-10-21
ğŸƒHidden CityÂ®: Mystery of Shadows;56;USA;2017-10-22
ğŸƒHidden CityÂ®: Mystery of Shadows;51;Japan;2017-10-22
ğŸƒHidden CityÂ®: Mystery of Shadows;179;Australien;2017-10-22
ğŸƒHidden CityÂ®: Mystery of Shadows;302;Frankrike;2017-10-22
ğŸƒHidden CityÂ®: Mystery of Shadows;58;USA;2017-10-23
ğŸƒHidden CityÂ®: Mystery of Shadows;51;Japan;2017-10-23
ğŸƒHidden CityÂ®: Mystery of Shadows;181;Australien;2017-10-23
ğŸƒHidden CityÂ®: Mystery of Shadows;305;Frankrike;2017-10-23
ğŸƒHidden CityÂ®: Mystery of Shadows;82;USA;2017-10-24
ğŸƒHidden CityÂ®: Mystery of Shadows;62;Japan;2017-10-24
ğŸƒHidden CityÂ®: Mystery of Shadows;234;Australien;2017-10-24
ğŸƒHidden CityÂ®: Mystery of Shadows;70;USA;2017-10-25
ğŸƒHidden CityÂ®: Mystery of Shadows;54;Japan;2017-10-25
ğŸƒHidden CityÂ®: Mystery of Shadows;232;Australien;2017-10-25
ğŸƒHidden CityÂ®: Mystery of Shadows;255;Korea;2017-10-25
ğŸƒHidden CityÂ®: Mystery of Shadows;60;USA;2017-10-26
ğŸƒHidden CityÂ®: Mystery of Shadows;46;Japan;2017-10-26
ğŸƒHidden CityÂ®: Mystery of Shadows;240;Australien;2017-10-26
ğŸƒHidden CityÂ®: Mystery of Shadows;215;Korea;2017-10-26
ğŸƒHidden CityÂ®: Mystery of Shadows;295;Tyskland;2017-10-26
ğŸƒHidden CityÂ®: Mystery of Shadows;54;USA;2017-10-27
ğŸƒHidden CityÂ®: Mystery of Shadows;231;Tyskland;2017-10-27
ğŸƒHidden CityÂ®: Mystery of Shadows;44;Japan;2017-10-27
ğŸƒHidden CityÂ®: Mystery of Shadows;216;Australien;2017-10-27
ğŸƒHidden CityÂ®: Mystery of Shadows;193;Korea;2017-10-27
ğŸƒHidden CityÂ®: Mystery of Shadows;47;USA;2017-10-28
ğŸƒHidden CityÂ®: Mystery of Shadows;186;Tyskland;2017-10-28
ğŸƒHidden CityÂ®: Mystery of Shadows;39;Japan;2017-10-28
ğŸƒHidden CityÂ®: Mystery of Shadows;203;Australien;2017-10-28
ğŸƒHidden CityÂ®: Mystery of Shadows;181;Korea;2017-10-28
ğŸƒHidden CityÂ®: Mystery of Shadows;43;USA;2017-10-29
ğŸƒHidden CityÂ®: Mystery of Shadows;186;Tyskland;2017-10-29
ğŸƒHidden CityÂ®: Mystery of Shadows;36;Japan;2017-10-29
ğŸƒHidden CityÂ®: Mystery of Shadows;180;Australien;2017-10-29
ğŸƒHidden CityÂ®: Mystery of Shadows;191;Korea;2017-10-29
ğŸƒHidden CityÂ®: Mystery of Shadows;49;USA;2017-10-30
ğŸƒHidden CityÂ®: Mystery of Shadows;188;Tyskland;2017-10-30
ğŸƒHidden CityÂ®: Mystery of Shadows;36;Japan;2017-10-30
ğŸƒHidden CityÂ®: Mystery of Shadows;169;Australien;2017-10-30
ğŸƒHidden CityÂ®: Mystery of Shadows;208;Korea;2017-10-30
ğŸƒHidden CityÂ®: Mystery of Shadows;47;USA;2017-10-31
ğŸƒHidden CityÂ®: Mystery of Shadows;196;Tyskland;2017-10-31
ğŸƒHidden CityÂ®: Mystery of Shadows;28;Japan;2017-10-31
ğŸƒHidden CityÂ®: Mystery of Shadows;141;Australien;2017-10-31
ğŸƒHidden CityÂ®: Mystery of Shadows;185;Korea;2017-10-31
ğŸƒHidden CityÂ®: Mystery of Shadows;49;USA;2017-11-01
ğŸƒHidden CityÂ®: Mystery of Shadows;176;Tyskland;2017-11-01
ğŸƒHidden CityÂ®: Mystery of Shadows;29;Japan;2017-11-01
ğŸƒHidden CityÂ®: Mystery of Shadows;127;Australien;2017-11-01
ğŸƒHidden CityÂ®: Mystery of Shadows;153;Korea;2017-11-01
ğŸƒHidden CityÂ®: Mystery of Shadows;46;USA;2017-11-02
ğŸƒHidden CityÂ®: Mystery of Shadows;153;Tyskland;2017-11-02
ğŸƒHidden CityÂ®: Mystery of Shadows;25;Japan;2017-11-02
ğŸƒHidden CityÂ®: Mystery of Shadows;128;Australien;2017-11-02
ğŸƒHidden CityÂ®: Mystery of Shadows;123;Korea;2017-11-02
ğŸƒHidden CityÂ®: Mystery of Shadows;55;USA;2017-11-03
ğŸƒHidden CityÂ®: Mystery of Shadows;145;Tyskland;2017-11-03
ğŸƒHidden CityÂ®: Mystery of Shadows;21;Japan;2017-11-03
ğŸƒHidden CityÂ®: Mystery of Shadows;145;Australien;2017-11-03
ğŸƒHidden CityÂ®: Mystery of Shadows;101;Korea;2017-11-03
ğŸƒHidden CityÂ®: Mystery of Shadows;266;Ryssland;2017-11-03
ğŸƒHidden CityÂ®: Mystery of Shadows;64;USA;2017-11-04
ğŸƒHidden CityÂ®: Mystery of Shadows;162;Tyskland;2017-11-04
ğŸƒHidden CityÂ®: Mystery of Shadows;24;Japan;2017-11-04
ğŸƒHidden CityÂ®: Mystery of Shadows;149;Australien;2017-11-04
ğŸƒHidden CityÂ®: Mystery of Shadows;79;Korea;2017-11-04
ğŸƒHidden CityÂ®: Mystery of Shadows;213;Ryssland;2017-11-04
Survivors: The QuestÂ®;298;UK;2017-11-04
ğŸƒHidden CityÂ®: Mystery of Shadows;83;USA;2017-11-05
ğŸƒHidden CityÂ®: Mystery of Shadows;152;Tyskland;2017-11-05
ğŸƒHidden CityÂ®: Mystery of Shadows;27;Japan;2017-11-05
ğŸƒHidden CityÂ®: Mystery of Shadows;154;Australien;2017-11-05
ğŸƒHidden CityÂ®: Mystery of Shadows;79;Korea;2017-11-05
ğŸƒHidden CityÂ®: Mystery of Shadows;175;Ryssland;2017-11-05
Survivors: The QuestÂ®;255;UK;2017-11-05
ğŸƒHidden CityÂ®: Mystery of Shadows;106;USA;2017-11-06
ğŸƒHidden CityÂ®: Mystery of Shadows;142;Tyskland;2017-11-06
ğŸƒHidden CityÂ®: Mystery of Shadows;26;Japan;2017-11-06
ğŸƒHidden CityÂ®: Mystery of Shadows;159;Australien;2017-11-06
ğŸƒHidden CityÂ®: Mystery of Shadows;78;Korea;2017-11-06
ğŸƒHidden CityÂ®: Mystery of Shadows;159;Ryssland;2017-11-06
Survivors: The QuestÂ®;255;UK;2017-11-06
ğŸHidden CityÂ®: Mystery of Shadows;107;USA;2017-11-07
Survivors: The QuestÂ®;232;UK;2017-11-07
ğŸHidden CityÂ®: Mystery of Shadows;115;Tyskland;2017-11-07
ğŸHidden CityÂ®: Mystery of Shadows;24;Japan;2017-11-07
ğŸHidden CityÂ®: Mystery of Shadows;146;Australien;2017-11-07
ğŸHidden CityÂ®: Mystery of Shadows;71;Korea;2017-11-07
ğŸHidden CityÂ®: Mystery of Shadows;151;Ryssland;2017-11-07
ğŸHidden CityÂ®: Hidden Object Adventure;102;USA;2017-11-08
Survivors: The QuestÂ®;223;UK;2017-11-08
ğŸHidden CityÂ®: Hidden Object Adventure;106;Tyskland;2017-11-08
ğŸHidden CityÂ®: Hidden Object Adventure;23;Japan;2017-11-08
ğŸHidden CityÂ®: Hidden Object Adventure;138;Australien;2017-11-08
ğŸHidden CityÂ®: Hidden Object Adventure;52;Korea;2017-11-08
ğŸHidden CityÂ®: Hidden Object Adventure;134;Ryssland;2017-11-08
ğŸHidden CityÂ®: Hidden Object Adventure;97;USA;2017-11-09
ğŸHidden CityÂ®: Hidden Object Adventure;93;Tyskland;2017-11-09
ğŸHidden CityÂ®: Hidden Object Adventure;20;Japan;2017-11-09
ğŸHidden CityÂ®: Hidden Object Adventure;132;Australien;2017-11-09
ğŸHidden CityÂ®: Hidden Object Adventure;46;Korea;2017-11-09
ğŸHidden CityÂ®: Hidden Object Adventure;123;Ryssland;2017-11-09
Survivors: The QuestÂ®;249;UK;2017-11-09
ğŸHidden CityÂ®: Hidden Object Adventure;98;USA;2017-11-10
ğŸHidden CityÂ®: Hidden Object Adventure;108;Tyskland;2017-11-10
ğŸHidden CityÂ®: Hidden Object Adventure;19;Japan;2017-11-10
ğŸHidden CityÂ®: Hidden Object Adventure;130;Australien;2017-11-10
ğŸHidden CityÂ®: Hidden Object Adventure;45;Korea;2017-11-10
ğŸHidden CityÂ®: Hidden Object Adventure;119;Ryssland;2017-11-10
ğŸHidden CityÂ®: Hidden Object Adventure;93;USA;2017-11-11
ğŸHidden CityÂ®: Hidden Object Adventure;132;Tyskland;2017-11-11
ğŸHidden CityÂ®: Hidden Object Adventure;19;Japan;2017-11-11
ğŸHidden CityÂ®: Hidden Object Adventure;134;Australien;2017-11-11
ğŸHidden CityÂ®: Hidden Object Adventure;45;Korea;2017-11-11
ğŸHidden CityÂ®: Hidden Object Adventure;119;Ryssland;2017-11-11
ğŸHidden CityÂ®: Hidden Object Adventure;104;USA;2017-11-12
ğŸHidden CityÂ®: Hidden Object Adventure;211;Tyskland;2017-11-12
ğŸHidden CityÂ®: Hidden Object Adventure;21;Japan;2017-11-12
ğŸHidden CityÂ®: Hidden Object Adventure;163;Australien;2017-11-12
ğŸHidden CityÂ®: Hidden Object Adventure;58;Korea;2017-11-12
ğŸHidden CityÂ®: Hidden Object Adventure;148;Ryssland;2017-11-12
ğŸHidden CityÂ®: Hidden Object Adventure;118;USA;2017-11-13
ğŸHidden CityÂ®: Hidden Object Adventure;24;Japan;2017-11-13
ğŸHidden CityÂ®: Hidden Object Adventure;188;Australien;2017-11-13
ğŸHidden CityÂ®: Hidden Object Adventure;66;Korea;2017-11-13
ğŸHidden CityÂ®: Hidden Object Adventure;171;Ryssland;2017-11-13
ğŸHidden CityÂ®: Hidden Object Adventure;256;Tyskland;2017-11-13
ğŸHidden CityÂ®: Hidden Object Adventure;120;USA;2017-11-14
ğŸHidden CityÂ®: Hidden Object Adventure;23;Japan;2017-11-14
ğŸHidden CityÂ®: Hidden Object Adventure;173;Australien;2017-11-14
ğŸHidden CityÂ®: Hidden Object Adventure;73;Korea;2017-11-14
ğŸHidden CityÂ®: Hidden Object Adventure;160;Ryssland;2017-11-14
ğŸHidden CityÂ®: Hidden Object Adventure;280;Tyskland;2017-11-14
ğŸHidden CityÂ®: Hidden Object Adventure;101;USA;2017-11-15
ğŸHidden CityÂ®: Hidden Object Adventure;24;Japan;2017-11-15
ğŸHidden CityÂ®: Hidden Object Adventure;154;Australien;2017-11-15
ğŸHidden CityÂ®: Hidden Object Adventure;62;Korea;2017-11-15
ğŸHidden CityÂ®: Hidden Object Adventure;148;Ryssland;2017-11-15
ğŸHidden CityÂ®: Hidden Object Adventure;287;Tyskland;2017-11-15
ğŸHidden CityÂ®: Hidden Object Adventure;87;USA;2017-11-16
ğŸHidden CityÂ®: Hidden Object Adventure;23;Japan;2017-11-16
ğŸHidden CityÂ®: Hidden Object Adventure;157;Australien;2017-11-16
ğŸHidden CityÂ®: Hidden Object Adventure;51;Korea;2017-11-16
ğŸHidden CityÂ®: Hidden Object Adventure;138;Ryssland;2017-11-16
ğŸHidden CityÂ®: Hidden Object Adventure;286;Tyskland;2017-11-16
ğŸHidden CityÂ®: Hidden Object Adventure;84;USA;2017-11-17
ğŸHidden CityÂ®: Hidden Object Adventure;21;Japan;2017-11-17
ğŸHidden CityÂ®: Hidden Object Adventure;158;Australien;2017-11-17
ğŸHidden CityÂ®: Hidden Object Adventure;44;Korea;2017-11-17
ğŸHidden CityÂ®: Hidden Object Adventure;135;Ryssland;2017-11-17
ğŸHidden CityÂ®: Hidden Object Adventure;91;USA;2017-11-18
ğŸHidden CityÂ®: Hidden Object Adventure;22;Japan;2017-11-18
ğŸHidden CityÂ®: Hidden Object Adventure;175;Australien;2017-11-18
ğŸHidden CityÂ®: Hidden Object Adventure;43;Korea;2017-11-18
ğŸHidden CityÂ®: Hidden Object Adventure;144;Ryssland;2017-11-18
ğŸHidden CityÂ®: Hidden Object Adventure;250;Frankrike;2017-11-18
ğŸHidden CityÂ®: Hidden Object Adventure;250;Italien;2017-11-18
ğŸHidden CityÂ®: Hidden Object Adventure;124;USA;2017-11-19
ğŸHidden CityÂ®: Hidden Object Adventure;29;Japan;2017-11-19
ğŸHidden CityÂ®: Hidden Object Adventure;227;Australien;2017-11-19
ğŸHidden CityÂ®: Hidden Object Adventure;219;Italien;2017-11-19
ğŸHidden CityÂ®: Hidden Object Adventure;48;Korea;2017-11-19
ğŸHidden CityÂ®: Hidden Object Adventure;168;Ryssland;2017-11-19
ğŸHidden CityÂ®: Hidden Object Adventure;273;Frankrike;2017-11-19
ğŸHidden CityÂ®: Hidden Object Adventure;151;USA;2017-11-20
ğŸHidden CityÂ®: Hidden Object Adventure;30;Japan;2017-11-20
ğŸHidden CityÂ®: Hidden Object Adventure;225;Italien;2017-11-20
ğŸHidden CityÂ®: Hidden Object Adventure;46;Korea;2017-11-20
ğŸHidden CityÂ®: Hidden Object Adventure;164;Ryssland;2017-11-20
ğŸHidden CityÂ®: Hidden Object Adventure;287;Frankrike;2017-11-20
ğŸHidden CityÂ®: Hidden Object Adventure;293;Australien;2017-11-20
ğŸHidden CityÂ®: Hidden Object Adventure;161;USA;2017-11-21
ğŸHidden CityÂ®: Hidden Object Adventure;28;Japan;2017-11-21
ğŸHidden CityÂ®: Hidden Object Adventure;220;Italien;2017-11-21
ğŸHidden CityÂ®: Hidden Object Adventure;46;Korea;2017-11-21
ğŸHidden CityÂ®: Hidden Object Adventure;139;Ryssland;2017-11-21
ğŸHidden CityÂ®: Hidden Object Adventure;244;Tyskland;2017-11-21
ğŸHidden CityÂ®: Hidden Object Adventure;275;Frankrike;2017-11-21
ğŸHidden CityÂ®: Hidden Object Adventure;297;Australien;2017-11-21
ğŸHidden CityÂ®: Hidden Object Adventure;160;USA;2017-11-22
ğŸHidden CityÂ®: Hidden Object Adventure;200;Tyskland;2017-11-22
ğŸHidden CityÂ®: Hidden Object Adventure;34;Japan;2017-11-22
ğŸHidden CityÂ®: Hidden Object Adventure;211;Italien;2017-11-22
ğŸHidden CityÂ®: Hidden Object Adventure;42;Korea;2017-11-22
ğŸHidden CityÂ®: Hidden Object Adventure;133;Ryssland;2017-11-22
ğŸHidden CityÂ®: Hidden Object Adventure;248;Frankrike;2017-11-22
ğŸHidden CityÂ®: Hidden Object Adventure;269;Australien;2017-11-22
ğŸHidden CityÂ®: Hidden Object Adventure;171;USA;2017-11-23
ğŸHidden CityÂ®: Hidden Object Adventure;183;Tyskland;2017-11-23
ğŸHidden CityÂ®: Hidden Object Adventure;217;Frankrike;2017-11-23
ğŸHidden CityÂ®: Hidden Object Adventure;33;Japan;2017-11-23
ğŸHidden CityÂ®: Hidden Object Adventure;183;Italien;2017-11-23
ğŸHidden CityÂ®: Hidden Object Adventure;34;Korea;2017-11-23
ğŸHidden CityÂ®: Hidden Object Adventure;123;Ryssland;2017-11-23
ğŸHidden CityÂ®: Hidden Object Adventure;256;Australien;2017-11-23
Hidden CityÂ®: Hidden Object Adventure;193;USA;2017-11-24
Hidden CityÂ®: Hidden Object Adventure;130;Tyskland;2017-11-24
Hidden CityÂ®: Hidden Object Adventure;153;Frankrike;2017-11-24
Hidden CityÂ®: Hidden Object Adventure;36;Japan;2017-11-24
Hidden CityÂ®: Hidden Object Adventure;183;Australien;2017-11-24
Hidden CityÂ®: Hidden Object Adventure;155;Italien;2017-11-24
Hidden CityÂ®: Hidden Object Adventure;33;Korea;2017-11-24
Hidden CityÂ®: Hidden Object Adventure;111;Ryssland;2017-11-24
Hidden CityÂ®: Hidden Object Adventure;222;USA;2017-11-25
Hidden CityÂ®: Hidden Object Adventure;106;Tyskland;2017-11-25
Hidden CityÂ®: Hidden Object Adventure;119;Frankrike;2017-11-25
Hidden CityÂ®: Hidden Object Adventure;37;Japan;2017-11-25
Hidden CityÂ®: Hidden Object Adventure;162;Australien;2017-11-25
Hidden CityÂ®: Hidden Object Adventure;130;Italien;2017-11-25
Hidden CityÂ®: Hidden Object Adventure;34;Korea;2017-11-25
Hidden CityÂ®: Hidden Object Adventure;108;Ryssland;2017-11-25
Hidden CityÂ®: Hidden Object Adventure;308;Canada;2017-11-25
Hidden CityÂ®: Hidden Object Adventure;227;USA;2017-11-26
Hidden CityÂ®: Hidden Object Adventure;90;Tyskland;2017-11-26
Hidden CityÂ®: Hidden Object Adventure;106;Frankrike;2017-11-26
Hidden CityÂ®: Hidden Object Adventure;35;Japan;2017-11-26
Hidden CityÂ®: Hidden Object Adventure;144;Australien;2017-11-26
Hidden CityÂ®: Hidden Object Adventure;108;Italien;2017-11-26
Hidden CityÂ®: Hidden Object Adventure;35;Korea;2017-11-26
Hidden CityÂ®: Hidden Object Adventure;100;Ryssland;2017-11-26
Hidden CityÂ®: Hidden Object Adventure;318;Canada;2017-11-26
Hidden CityÂ®: Hidden Object Adventure;251;Holland;2017-11-26
Hidden CityÂ®: Hidden Object Adventure;185;USA;2017-11-28
Hidden CityÂ®: Hidden Object Adventure;82;Tyskland;2017-11-28
Hidden CityÂ®: Hidden Object Adventure;109;Frankrike;2017-11-28
Hidden CityÂ®: Hidden Object Adventure;37;Japan;2017-11-28
Hidden CityÂ®: Hidden Object Adventure;133;Australien;2017-11-28
Hidden CityÂ®: Hidden Object Adventure;114;Italien;2017-11-28
Hidden CityÂ®: Hidden Object Adventure;210;Holland;2017-11-28
Hidden CityÂ®: Hidden Object Adventure;44;Korea;2017-11-28
Hidden CityÂ®: Hidden Object Adventure;103;Ryssland;2017-11-28
Hidden CityÂ®: Hidden Object Adventure;163;USA;2017-11-29
Hidden CityÂ®: Hidden Object Adventure;67;Tyskland;2017-11-29
Hidden CityÂ®: Hidden Object Adventure;101;Frankrike;2017-11-29
Hidden CityÂ®: Hidden Object Adventure;35;Japan;2017-11-29
Hidden CityÂ®: Hidden Object Adventure;88;Australien;2017-11-29
Hidden CityÂ®: Hidden Object Adventure;100;Italien;2017-11-29
Hidden CityÂ®: Hidden Object Adventure;188;Holland;2017-11-29
Hidden CityÂ®: Hidden Object Adventure;36;Korea;2017-11-29
Hidden CityÂ®: Hidden Object Adventure;94;Ryssland;2017-11-29
Hidden CityÂ®: Hidden Object Adventure;117;USA;2017-11-30
Hidden CityÂ®: Hidden Object Adventure;207;UK;2017-11-30
Hidden CityÂ®: Hidden Object Adventure;51;Tyskland;2017-11-30
Hidden CityÂ®: Hidden Object Adventure;226;Canada;2017-11-30
Hidden CityÂ®: Hidden Object Adventure;76;Frankrike;2017-11-30
Hidden CityÂ®: Hidden Object Adventure;35;Japan;2017-11-30
Hidden CityÂ®: Hidden Object Adventure;58;Australien;2017-11-30
Hidden CityÂ®: Hidden Object Adventure;104;Holland;2017-11-30
Hidden CityÂ®: Hidden Object Adventure;30;Korea;2017-11-30
Hidden CityÂ®: Hidden Object Adventure;81;Ryssland;2017-11-30
Hidden CityÂ®: Hidden Object Adventure;93;USA;2017-12-01
Hidden CityÂ®: Hidden Object Adventure;161;UK;2017-12-01
Hidden CityÂ®: Hidden Object Adventure;53;Tyskland;2017-12-01
Hidden CityÂ®: Hidden Object Adventure;149;Canada;2017-12-01
Hidden CityÂ®: Hidden Object Adventure;69;Frankrike;2017-12-01
Hidden CityÂ®: Hidden Object Adventure;41;Japan;2017-12-01
Hidden CityÂ®: Hidden Object Adventure;47;Australien;2017-12-01
Hidden CityÂ®: Hidden Object Adventure;130;Italien;2017-12-01
Hidden CityÂ®: Hidden Object Adventure;61;Holland;2017-12-01
Hidden CityÂ®: Hidden Object Adventure;31;Korea;2017-12-01
Hidden CityÂ®: Hidden Object Adventure;82;Ryssland;2017-12-01
Hidden CityÂ®: Hidden Object Adventure;85;USA;2017-12-02
Hidden CityÂ®: Hidden Object Adventure;133;UK;2017-12-02
Hidden CityÂ®: Hidden Object Adventure;62;Tyskland;2017-12-02
Hidden CityÂ®: Hidden Object Adventure;127;Canada;2017-12-02
Hidden CityÂ®: Hidden Object Adventure;67;Frankrike;2017-12-02
Hidden CityÂ®: Hidden Object Adventure;49;Japan;2017-12-02
Hidden CityÂ®: Hidden Object Adventure;48;Australien;2017-12-02
Hidden CityÂ®: Hidden Object Adventure;128;Italien;2017-12-02
Hidden CityÂ®: Hidden Object Adventure;46;Holland;2017-12-02
Hidden CityÂ®: Hidden Object Adventure;31;Korea;2017-12-02
Hidden CityÂ®: Hidden Object Adventure;87;Ryssland;2017-12-02
Hidden CityÂ®: Hidden Object Adventure;103;USA;2017-12-03
Hidden CityÂ®: Hidden Object Adventure;137;UK;2017-12-03
Hidden CityÂ®: Hidden Object Adventure;80;Tyskland;2017-12-03
Hidden CityÂ®: Hidden Object Adventure;152;Canada;2017-12-03
Hidden CityÂ®: Hidden Object Adventure;83;Frankrike;2017-12-03
Hidden CityÂ®: Hidden Object Adventure;56;Japan;2017-12-03
Hidden CityÂ®: Hidden Object Adventure;55;Australien;2017-12-03
Hidden CityÂ®: Hidden Object Adventure;113;Italien;2017-12-03
Hidden CityÂ®: Hidden Object Adventure;53;Holland;2017-12-03
Hidden CityÂ®: Hidden Object Adventure;32;Korea;2017-12-03
Hidden CityÂ®: Hidden Object Adventure;107;Ryssland;2017-12-03
Hidden CityÂ®: Hidden Object Adventure;114;USA;2017-12-04
Hidden CityÂ®: Hidden Object Adventure;126;UK;2017-12-04
Hidden CityÂ®: Hidden Object Adventure;79;Tyskland;2017-12-04
Hidden CityÂ®: Hidden Object Adventure;164;Canada;2017-12-04
Hidden CityÂ®: Hidden Object Adventure;94;Frankrike;2017-12-04
Hidden CityÂ®: Hidden Object Adventure;55;Japan;2017-12-04
Hidden CityÂ®: Hidden Object Adventure;58;Australien;2017-12-04
Hidden CityÂ®: Hidden Object Adventure;117;Italien;2017-12-04
Hidden CityÂ®: Hidden Object Adventure;64;Holland;2017-12-04
Hidden CityÂ®: Hidden Object Adventure;37;Korea;2017-12-04
Hidden CityÂ®: Hidden Object Adventure;115;Ryssland;2017-12-04
Hidden CityÂ®: Hidden Object Adventure;123;USA;2017-12-05
Hidden CityÂ®: Hidden Object Adventure;112;UK;2017-12-05
Hidden CityÂ®: Hidden Object Adventure;73;Tyskland;2017-12-05
Hidden CityÂ®: Hidden Object Adventure;162;Canada;2017-12-05
Hidden CityÂ®: Hidden Object Adventure;104;Frankrike;2017-12-05
Hidden CityÂ®: Hidden Object Adventure;51;Japan;2017-12-05
Hidden CityÂ®: Hidden Object Adventure;54;Australien;2017-12-05
Hidden CityÂ®: Hidden Object Adventure;111;Italien;2017-12-05
Hidden CityÂ®: Hidden Object Adventure;77;Holland;2017-12-05
Hidden CityÂ®: Hidden Object Adventure;35;Korea;2017-12-05
Hidden CityÂ®: Hidden Object Adventure;112;Ryssland;2017-12-05
Hidden CityÂ®: Hidden Object Adventure;123;USA;2017-12-06;hiddencity 
Hidden CityÂ®: Hidden Object Adventure;112;UK;2017-12-06;hiddencity 
Hidden CityÂ®: Hidden Object Adventure;73;Tyskland;2017-12-06;hiddencity 
Hidden CityÂ®: Hidden Object Adventure;162;Canada;2017-12-06;hiddencity 
Hidden CityÂ®: Hidden Object Adventure;104;Frankrike;2017-12-06;hiddencity 
Hidden CityÂ®: Hidden Object Adventure;51;Japan;2017-12-06;hiddencity 
Hidden CityÂ®: Hidden Object Adventure;54;Australien;2017-12-06;hiddencity 
Hidden CityÂ®: Hidden Object Adventure;111;Italien;2017-12-06;hiddencity 
Hidden CityÂ®: Hidden Object Adventure;77;Holland;2017-12-06;hiddencity 
Hidden CityÂ®: Hidden Object Adventure;35;Korea;2017-12-06;hiddencity 
Hidden CityÂ®: Hidden Object Adventure;111;Ryssland;2017-12-06;hiddencity 
Hidden CityÂ®: Hidden Object Adventure;113;USA;2017-12-07;hiddencity 
Hidden CityÂ®: Hidden Object Adventure;99;UK;2017-12-07;hiddencity 
Hidden CityÂ®: Hidden Object Adventure;54;Tyskland;2017-12-07;hiddencity 
Hidden CityÂ®: Hidden Object Adventure;151;Canada;2017-12-07;hiddencity 
Hidden CityÂ®: Hidden Object Adventure;86;Frankrike;2017-12-07;hiddencity 
Hidden CityÂ®: Hidden Object Adventure;40;Japan;2017-12-07;hiddencity 
Hidden CityÂ®: Hidden Object Adventure;45;Australien;2017-12-07;hiddencity 
Hidden CityÂ®: Hidden Object Adventure;93;Italien;2017-12-07;hiddencity 
Hidden CityÂ®: Hidden Object Adventure;73;Holland;2017-12-07;hiddencity 
Hidden CityÂ®: Hidden Object Adventure;28;Korea;2017-12-07;hiddencity 
Hidden CityÂ®: Hidden Object Adventure;84;Ryssland;2017-12-07;hiddencity 
Hidden CityÂ®: Hidden Object Adventure;92;USA;2017-12-08;hiddencity 
Hidden CityÂ®: Hidden Object Adventure;97;UK;2017-12-08;hiddencity 
Hidden CityÂ®: Hidden Object Adventure;44;Tyskland;2017-12-08;hiddencity 
Hidden CityÂ®: Hidden Object Adventure;154;Canada;2017-12-08;hiddencity 
Hidden CityÂ®: Hidden Object Adventure;75;Frankrike;2017-12-08;hiddencity 
Hidden CityÂ®: Hidden Object Adventure;39;Japan;2017-12-08;hiddencity 
Hidden CityÂ®: Hidden Object Adventure;44;Australien;2017-12-08;hiddencity 
Hidden CityÂ®: Hidden Object Adventure;69;Italien;2017-12-08;hiddencity 
Hidden CityÂ®: Hidden Object Adventure;77;Holland;2017-12-08;hiddencity 
Hidden CityÂ®: Hidden Object Adventure;27;Korea;2017-12-08;hiddencity 
Hidden CityÂ®: Hidden Object Adventure;74;Ryssland;2017-12-08;hiddencity 
Hidden CityÂ®: Hidden Object Adventure;82;USA;2017-12-09;hiddencity 
Hidden CityÂ®: Hidden Object Adventure;111;UK;2017-12-09;hiddencity 
Hidden CityÂ®: Hidden Object Adventure;37;Tyskland;2017-12-09;hiddencity 
Hidden CityÂ®: Hidden Object Adventure;166;Canada;2017-12-09;hiddencity 
Hidden CityÂ®: Hidden Object Adventure;69;Frankrike;2017-12-09;hiddencity 
Hidden CityÂ®: Hidden Object Adventure;41;Japan;2017-12-09;hiddencity 
Hidden CityÂ®: Hidden Object Adventure;56;Australien;2017-12-09;hiddencity 
Hidden CityÂ®: Hidden Object Adventure;73;Italien;2017-12-09;hiddencity 
Hidden CityÂ®: Hidden Object Adventure;94;Holland;2017-12-09;hiddencity 
Hidden CityÂ®: Hidden Object Adventure;28;Korea;2017-12-09;hiddencity 
Hidden CityÂ®: Hidden Object Adventure;65;Ryssland;2017-12-09;hiddencity 
Hidden CityÂ®: Hidden Object Adventure;92;USA;2017-12-10;hiddencity 
Hidden CityÂ®: Hidden Object Adventure;144;UK;2017-12-10;hiddencity 
Hidden CityÂ®: Hidden Object Adventure;45;Tyskland;2017-12-10;hiddencity 
Hidden CityÂ®: Hidden Object Adventure;152;Canada;2017-12-10;hiddencity 
Hidden CityÂ®: Hidden Object Adventure;90;Frankrike;2017-12-10;hiddencity 
Hidden CityÂ®: Hidden Object Adventure;51;Japan;2017-12-10;hiddencity 
Hidden CityÂ®: Hidden Object Adventure;63;Australien;2017-12-10;hiddencity 
Hidden CityÂ®: Hidden Object Adventure;99;Italien;2017-12-10;hiddencity 
Hidden CityÂ®: Hidden Object Adventure;143;Holland;2017-12-10;hiddencity 
Hidden CityÂ®: Hidden Object Adventure;43;Korea;2017-12-10;hiddencity 
Hidden CityÂ®: Hidden Object Adventure;92;Ryssland;2017-12-10;hiddencity 
Hidden CityÂ®: Hidden Object Adventure;112;USA;2017-12-11;hiddencity 
Hidden CityÂ®: Hidden Object Adventure;155;UK;2017-12-11;hiddencity 
Hidden CityÂ®: Hidden Object Adventure;53;Tyskland;2017-12-11;hiddencity 
Hidden CityÂ®: Hidden Object Adventure;189;Canada;2017-12-11;hiddencity 
Hidden CityÂ®: Hidden Object Adventure;95;Frankrike;2017-12-11;hiddencity 
Hidden CityÂ®: Hidden Object Adventure;53;Japan;2017-12-11;hiddencity 
Hidden CityÂ®: Hidden Object Adventure;73;Australien;2017-12-11;hiddencity 
Hidden CityÂ®: Hidden Object Adventure;113;Italien;2017-12-11;hiddencity 
Hidden CityÂ®: Hidden Object Adventure;161;Holland;2017-12-11;hiddencity 
Hidden CityÂ®: Hidden Object Adventure;51;Korea;2017-12-11;hiddencity 
Hidden CityÂ®: Hidden Object Adventure;105;Ryssland;2017-12-11;hiddencity 
Hidden CityÂ®: Hidden Object Adventure;114;USA;2017-12-12;hiddencity 
Hidden CityÂ®: Hidden Object Adventure;151;UK;2017-12-12;hiddencity 
Hidden CityÂ®: Hidden Object Adventure;54;Tyskland;2017-12-12;hiddencity 
Hidden CityÂ®: Hidden Object Adventure;98;Frankrike;2017-12-12;hiddencity 
Hidden CityÂ®: Hidden Object Adventure;48;Japan;2017-12-12;hiddencity 
Hidden CityÂ®: Hidden Object Adventure;80;Australien;2017-12-12;hiddencity 
Hidden CityÂ®: Hidden Object Adventure;115;Italien;2017-12-12;hiddencity 
Hidden CityÂ®: Hidden Object Adventure;164;Holland;2017-12-12;hiddencity 
Hidden CityÂ®: Hidden Object Adventure;47;Korea;2017-12-12;hiddencity 
Hidden CityÂ®: Hidden Object Adventure;104;Ryssland;2017-12-12;hiddencity 
Hidden CityÂ®: Hidden Object Adventure;242;Canada;2017-12-12;/store/apps/details?id=com.ea.game.pvz2_row" 
Hidden CityÂ®: Hidden Object Adventure;103;USA;2017-12-13;hiddencity 
Hidden CityÂ®: Hidden Object Adventure;127;UK;2017-12-13;hiddencity 
Hidden CityÂ®: Hidden Object Adventure;52;Tyskland;2017-12-13;hiddencity 
Hidden CityÂ®: Hidden Object Adventure;92;Frankrike;2017-12-13;hiddencity 
Hidden CityÂ®: Hidden Object Adventure;49;Japan;2017-12-13;hiddencity 
Hidden CityÂ®: Hidden Object Adventure;76;Australien;2017-12-13;hiddencity 
Hidden CityÂ®: Hidden Object Adventure;126;Italien;2017-12-13;hiddencity 
Hidden CityÂ®: Hidden Object Adventure;195;Holland;2017-12-13;hiddencity 
Hidden CityÂ®: Hidden Object Adventure;37;Korea;2017-12-13;hiddencity 
Hidden CityÂ®: Hidden Object Adventure;100;Ryssland;2017-12-13;hiddencity 
Hidden CityÂ®: Hidden Object Adventure;298;Canada;2017-12-13;/store/apps/details?id=com.baviux.voicechanger" 
Hidden CityÂ®: Hidden Object Adventure;103;USA;2017-12-14;hiddencity 
Hidden CityÂ®: Hidden Object Adventure;127;UK;2017-12-14;hiddencity 
Hidden CityÂ®: Hidden Object Adventure;49;Tyskland;2017-12-14;hiddencity 
Hidden CityÂ®: Hidden Object Adventure;83;Frankrike;2017-12-14;hiddencity 
Hidden CityÂ®: Hidden Object Adventure;49;Japan;2017-12-14;hiddencity 
Hidden CityÂ®: Hidden Object Adventure;71;Australien;2017-12-14;hiddencity 
Hidden CityÂ®: Hidden Object Adventure;121;Italien;2017-12-14;hiddencity 
Hidden CityÂ®: Hidden Object Adventure;177;Holland;2017-12-14;hiddencity 
Hidden CityÂ®: Hidden Object Adventure;37;Korea;2017-12-14;hiddencity 
Hidden CityÂ®: Hidden Object Adventure;97;Ryssland;2017-12-14;hiddencity 
Hidden CityÂ®: Hidden Object Adventure;298;Canada;2017-12-14;/store/apps/details?id=air.com.mescape.dreamcageescape" 
Hidden CityÂ®: Hidden Object Adventure;103;USA;2017-12-15;hiddencity 
Hidden CityÂ®: Hidden Object Adventure;127;UK;2017-12-15;hiddencity 
Hidden CityÂ®: Hidden Object Adventure;49;Tyskland;2017-12-15;hiddencity 
Hidden CityÂ®: Hidden Object Adventure;83;Frankrike;2017-12-15;hiddencity 
Hidden CityÂ®: Hidden Object Adventure;49;Japan;2017-12-15;hiddencity 
Hidden CityÂ®: Hidden Object Adventure;71;Australien;2017-12-15;hiddencity 
Hidden CityÂ®: Hidden Object Adventure;120;Italien;2017-12-15;hiddencity 
Hidden CityÂ®: Hidden Object Adventure;176;Holland;2017-12-15;hiddencity 
Hidden CityÂ®: Hidden Object Adventure;37;Korea;2017-12-15;hiddencity 
Hidden CityÂ®: Hidden Object Adventure;97;Ryssland;2017-12-15;hiddencity 
Hidden CityÂ®: Hidden Object Adventure;297;Canada;2017-12-15;/store/apps/details?id=air.com.mescape.dreamcageescape" 
Hidden CityÂ®: Hidden Object Adventure;103;USA;2017-12-16;hiddencity 
Hidden CityÂ®: Hidden Object Adventure;127;UK;2017-12-16;hiddencity 
Hidden CityÂ®: Hidden Object Adventure;49;Tyskland;2017-12-16;hiddencity 
Hidden CityÂ®: Hidden Object Adventure;83;Frankrike;2017-12-16;hiddencity 
Hidden CityÂ®: Hidden Object Adventure;49;Japan;2017-12-16;hiddencity 
Hidden CityÂ®: Hidden Object Adventure;71;Australien;2017-12-16;hiddencity 
Hidden CityÂ®: Hidden Object Adventure;120;Italien;2017-12-16;hiddencity 
Hidden CityÂ®: Hidden Object Adventure;176;Holland;2017-12-16;hiddencity 
Hidden CityÂ®: Hidden Object Adventure;37;Korea;2017-12-16;hiddencity 
Hidden CityÂ®: Hidden Object Adventure;97;Ryssland;2017-12-16;hiddencity 
Hidden CityÂ®: Hidden Object Adventure;297;Canada;2017-12-16;/store/apps/details?id=com.comV.BorutNinja" 
Hidden CityÂ®: Hidden Object Adventure;114;USA;2017-12-17;hiddencity 
Hidden CityÂ®: Hidden Object Adventure;146;UK;2017-12-17;hiddencity 
Hidden CityÂ®: Hidden Object Adventure;66;Tyskland;2017-12-17;hiddencity 
Hidden CityÂ®: Hidden Object Adventure;73;Frankrike;2017-12-17;hiddencity 
Hidden CityÂ®: Hidden Object Adventure;57;Japan;2017-12-17;hiddencity 
Hidden CityÂ®: Hidden Object Adventure;80;Australien;2017-12-17;hiddencity 
Hidden CityÂ®: Hidden Object Adventure;148;Italien;2017-12-17;hiddencity 
Hidden CityÂ®: Hidden Object Adventure;230;Holland;2017-12-17;hiddencity 
Hidden CityÂ®: Hidden Object Adventure;32;Korea;2017-12-17;hiddencity 
Hidden CityÂ®: Hidden Object Adventure;106;Ryssland;2017-12-17;hiddencity 
Hidden CityÂ®: Hidden Object Adventure;129;USA;2017-12-18;hiddencity 
Hidden CityÂ®: Hidden Object Adventure;174;UK;2017-12-18;hiddencity 
Hidden CityÂ®: Hidden Object Adventure;74;Tyskland;2017-12-18;hiddencity 
Hidden CityÂ®: Hidden Object Adventure;83;Frankrike;2017-12-18;hiddencity 
Hidden CityÂ®: Hidden Object Adventure;52;Japan;2017-12-18;hiddencity 
Hidden CityÂ®: Hidden Object Adventure;88;Australien;2017-12-18;hiddencity 
Hidden CityÂ®: Hidden Object Adventure;151;Italien;2017-12-18;hiddencity 
Hidden CityÂ®: Hidden Object Adventure;215;Holland;2017-12-18;hiddencity 
Hidden CityÂ®: Hidden Object Adventure;35;Korea;2017-12-18;hiddencity 
Hidden CityÂ®: Hidden Object Adventure;113;Ryssland;2017-12-18;hiddencity 
Hidden CityÂ®: Hidden Object Adventure;142;USA;2017-12-19;hiddencity 
Hidden CityÂ®: Hidden Object Adventure;188;UK;2017-12-19;hiddencity 
Hidden CityÂ®: Hidden Object Adventure;83;Tyskland;2017-12-19;hiddencity 
Hidden CityÂ®: Hidden Object Adventure;86;Frankrike;2017-12-19;hiddencity 
Hidden CityÂ®: Hidden Object Adventure;47;Japan;2017-12-19;hiddencity 
Hidden CityÂ®: Hidden Object Adventure;97;Australien;2017-12-19;hiddencity 
Hidden CityÂ®: Hidden Object Adventure;154;Italien;2017-12-19;hiddencity 
Hidden CityÂ®: Hidden Object Adventure;198;Holland;2017-12-19;hiddencity 
Hidden CityÂ®: Hidden Object Adventure;40;Korea;2017-12-19;hiddencity 
Hidden CityÂ®: Hidden Object Adventure;110;Ryssland;2017-12-19;hiddencity 
Hidden CityÂ®: Hidden Object Adventure;92;USA;2017-12-20;hiddencity 
Hidden CityÂ®: Hidden Object Adventure;145;UK;2017-12-20;hiddencity 
Hidden CityÂ®: Hidden Object Adventure;64;Tyskland;2017-12-20;hiddencity 
Hidden CityÂ®: Hidden Object Adventure;49;Frankrike;2017-12-20;hiddencity 
Hidden CityÂ®: Hidden Object Adventure;29;Japan;2017-12-20;hiddencity 
Hidden CityÂ®: Hidden Object Adventure;76;Australien;2017-12-20;hiddencity 
Hidden CityÂ®: Hidden Object Adventure;102;Italien;2017-12-20;hiddencity 
Hidden CityÂ®: Hidden Object Adventure;148;Holland;2017-12-20;hiddencity 
Hidden CityÂ®: Hidden Object Adventure;34;Korea;2017-12-20;hiddencity 
Hidden CityÂ®: Hidden Object Adventure;76;Ryssland;2017-12-20;hiddencity 
Hidden CityÂ®: Hidden Object Adventure;104;USA;2017-12-21;hiddencity 
Hidden CityÂ®: Hidden Object Adventure;167;UK;2017-12-21;hiddencity 
Hidden CityÂ®: Hidden Object Adventure;72;Tyskland;2017-12-21;hiddencity 
Hidden CityÂ®: Hidden Object Adventure;56;Frankrike;2017-12-21;hiddencity 
Hidden CityÂ®: Hidden Object Adventure;29;Japan;2017-12-21;hiddencity 
Hidden CityÂ®: Hidden Object Adventure;91;Australien;2017-12-21;hiddencity 
Hidden CityÂ®: Hidden Object Adventure;138;Italien;2017-12-21;hiddencity 
Hidden CityÂ®: Hidden Object Adventure;180;Holland;2017-12-21;hiddencity 
Hidden CityÂ®: Hidden Object Adventure;47;Korea;2017-12-21;hiddencity 
Hidden CityÂ®: Hidden Object Adventure;87;Ryssland;2017-12-21;hiddencity 
Hidden CityÂ®: Hidden Object Adventure;105;USA;2017-12-22;hiddencity 
Hidden CityÂ®: Hidden Object Adventure;171;UK;2017-12-22;hiddencity 
Hidden CityÂ®: Hidden Object Adventure;71;Tyskland;2017-12-22;hiddencity 
Hidden CityÂ®: Hidden Object Adventure;50;Frankrike;2017-12-22;hiddencity 
Hidden CityÂ®: Hidden Object Adventure;26;Japan;2017-12-22;hiddencity 
Hidden CityÂ®: Hidden Object Adventure;90;Australien;2017-12-22;hiddencity 
Hidden CityÂ®: Hidden Object Adventure;146;Italien;2017-12-22;hiddencity 
Hidden CityÂ®: Hidden Object Adventure;155;Holland;2017-12-22;hiddencity 
Hidden CityÂ®: Hidden Object Adventure;39;Korea;2017-12-22;hiddencity 
Hidden CityÂ®: Hidden Object Adventure;78;Ryssland;2017-12-22;hiddencity 
Hidden CityÂ®: Hidden Object Adventure;105;USA;2017-12-23;hiddencity 
Hidden CityÂ®: Hidden Object Adventure;164;UK;2017-12-23;hiddencity 
Hidden CityÂ®: Hidden Object Adventure;74;Tyskland;2017-12-23;hiddencity 
Hidden CityÂ®: Hidden Object Adventure;52;Frankrike;2017-12-23;hiddencity 
Hidden CityÂ®: Hidden Object Adventure;26;Japan;2017-12-23;hiddencity 
Hidden CityÂ®: Hidden Object Adventure;93;Australien;2017-12-23;hiddencity 
Hidden CityÂ®: Hidden Object Adventure;150;Italien;2017-12-23;hiddencity 
Hidden CityÂ®: Hidden Object Adventure;120;Holland;2017-12-23;hiddencity 
Hidden CityÂ®: Hidden Object Adventure;41;Korea;2017-12-23;hiddencity 
Hidden CityÂ®: Hidden Object Adventure;70;Ryssland;2017-12-23;hiddencity 
Hidden CityÂ®: Hidden Object Adventure;127;USA;2017-12-25;hiddencity 
Hidden CityÂ®: Hidden Object Adventure;204;UK;2017-12-25;hiddencity 
Hidden CityÂ®: Hidden Object Adventure;109;Tyskland;2017-12-25;hiddencity 
Hidden CityÂ®: Hidden Object Adventure;86;Frankrike;2017-12-25;hiddencity 
Hidden CityÂ®: Hidden Object Adventure;35;Japan;2017-12-25;hiddencity 
Hidden CityÂ®: Hidden Object Adventure;115;Australien;2017-12-25;hiddencity 
Hidden CityÂ®: Hidden Object Adventure;198;Italien;2017-12-25;hiddencity 
Hidden CityÂ®: Hidden Object Adventure;110;Holland;2017-12-25;hiddencity 
Hidden CityÂ®: Hidden Object Adventure;55;Korea;2017-12-25;hiddencity 
Hidden CityÂ®: Hidden Object Adventure;87;Ryssland;2017-12-25;hiddencity 
Hidden CityÂ®: Hidden Object Adventure;145;USA;2017-12-26;hiddencity 
Hidden CityÂ®: Hidden Object Adventure;136;Tyskland;2017-12-26;hiddencity 
Hidden CityÂ®: Hidden Object Adventure;100;Frankrike;2017-12-26;hiddencity 
Hidden CityÂ®: Hidden Object Adventure;39;Japan;2017-12-26;hiddencity 
Hidden CityÂ®: Hidden Object Adventure;137;Australien;2017-12-26;hiddencity 
Hidden CityÂ®: Hidden Object Adventure;232;Italien;2017-12-26;hiddencity 
Hidden CityÂ®: Hidden Object Adventure;126;Holland;2017-12-26;hiddencity 
Hidden CityÂ®: Hidden Object Adventure;56;Korea;2017-12-26;hiddencity 
Hidden CityÂ®: Hidden Object Adventure;85;Ryssland;2017-12-26;hiddencity 
Hidden CityÂ®: Hidden Object Adventure;249;UK;2017-12-26;/store/apps/details?id=com.DynamicGames.HeavyTruckSimulator" 
Hidden CityÂ®: Hidden Object Adventure;162;USA;2017-12-27;hiddencity 
Hidden CityÂ®: Hidden Object Adventure;168;Tyskland;2017-12-27;hiddencity 
Hidden CityÂ®: Hidden Object Adventure;124;Frankrike;2017-12-27;hiddencity 
Hidden CityÂ®: Hidden Object Adventure;46;Japan;2017-12-27;hiddencity 
Hidden CityÂ®: Hidden Object Adventure;169;Australien;2017-12-27;hiddencity 
Hidden CityÂ®: Hidden Object Adventure;146;Holland;2017-12-27;hiddencity 
Hidden CityÂ®: Hidden Object Adventure;48;Korea;2017-12-27;hiddencity 
Hidden CityÂ®: Hidden Object Adventure;83;Ryssland;2017-12-27;hiddencity 
Hidden CityÂ®: Hidden Object Adventure;318;UK;2017-12-27;/store/apps/details?id=com.doodlemobile.vicecity" 
Hidden CityÂ®: Hidden Object Adventure;283;Italien;2017-12-27;/store/apps/details?id=com.jdigamestudio.brainlinesphysics" 
Hidden CityÂ®: Hidden Object Adventure;199;USA;2017-12-28;hiddencity 
Hidden CityÂ®: Hidden Object Adventure;166;Tyskland;2017-12-28;hiddencity 
Hidden CityÂ®: Hidden Object Adventure;133;Frankrike;2017-12-28;hiddencity 
Hidden CityÂ®: Hidden Object Adventure;50;Japan;2017-12-28;hiddencity 
Hidden CityÂ®: Hidden Object Adventure;156;Australien;2017-12-28;hiddencity 
Hidden CityÂ®: Hidden Object Adventure;157;Holland;2017-12-28;hiddencity 
Hidden CityÂ®: Hidden Object Adventure;38;Korea;2017-12-28;hiddencity 
Hidden CityÂ®: Hidden Object Adventure;78;Ryssland;2017-12-28;hiddencity 
Hidden CityÂ®: Hidden Object Adventure;287;Italien;2017-12-28;/store/apps/details?id=org.ppsspp.ppsspp" 
Hidden CityÂ®: Hidden Object Adventure;194;USA;2017-12-29;hiddencity 
Hidden CityÂ®: Hidden Object Adventure;152;Tyskland;2017-12-29;hiddencity 
Hidden CityÂ®: Hidden Object Adventure;134;Frankrike;2017-12-29;hiddencity 
Hidden CityÂ®: Hidden Object Adventure;58;Japan;2017-12-29;hiddencity 
Hidden CityÂ®: Hidden Object Adventure;159;Australien;2017-12-29;hiddencity 
Hidden CityÂ®: Hidden Object Adventure;176;Holland;2017-12-29;hiddencity 
Hidden CityÂ®: Hidden Object Adventure;42;Korea;2017-12-29;hiddencity 
Hidden CityÂ®: Hidden Object Adventure;86;Ryssland;2017-12-29;hiddencity 
Hidden CityÂ®: Hidden Object Adventure;293;Italien;2017-12-29;/store/apps/details?id=com.wb.goog.got.conquest" 
Hidden CityÂ®: Hidden Object Adventure;187;USA;2017-12-30;hiddencity 
Hidden CityÂ®: Hidden Object Adventure;157;Tyskland;2017-12-30;hiddencity 
Hidden CityÂ®: Hidden Object Adventure;138;Frankrike;2017-12-30;hiddencity 
Hidden CityÂ®: Hidden Object Adventure;64;Japan;2017-12-30;hiddencity 
Hidden CityÂ®: Hidden Object Adventure;162;Australien;2017-12-30;hiddencity 
Hidden CityÂ®: Hidden Object Adventure;214;Holland;2017-12-30;hiddencity 
Hidden CityÂ®: Hidden Object Adventure;53;Korea;2017-12-30;hiddencity 
Hidden CityÂ®: Hidden Object Adventure;97;Ryssland;2017-12-30;hiddencity 
Hidden CityÂ®: Hidden Object Adventure;180;USA;2017-12-31;hiddencity 
Hidden CityÂ®: Hidden Object Adventure;166;Tyskland;2017-12-31;hiddencity 
Hidden CityÂ®: Hidden Object Adventure;145;Frankrike;2017-12-31;hiddencity 
Hidden CityÂ®: Hidden Object Adventure;63;Japan;2017-12-31;hiddencity 
Hidden CityÂ®: Hidden Object Adventure;166;Australien;2017-12-31;hiddencity 
Hidden CityÂ®: Hidden Object Adventure;67;Korea;2017-12-31;hiddencity 
Hidden CityÂ®: Hidden Object Adventure;116;Ryssland;2017-12-31;hiddencity 
Hidden CityÂ®: Hidden Object Adventure;245;Holland;2017-12-31;/store/apps/details?id=net.peakgames.amy" 
